/*
Navicat MariaDB Data Transfer

Source Server         : 127.0.0.1
Source Server Version : 100126
Source Host           : localhost:3306
Source Database       : learn_api

Target Server Type    : MariaDB
Target Server Version : 100126
File Encoding         : 65001

Date: 2018-07-05 03:28:28
*/

SET FOREIGN_KEY_CHECKS=0;

-- ----------------------------
-- Table structure for migrations
-- ----------------------------
DROP TABLE IF EXISTS `migrations`;
CREATE TABLE `migrations` (
  `id` int(10) unsigned NOT NULL AUTO_INCREMENT,
  `migration` varchar(255) COLLATE utf8mb4_unicode_ci NOT NULL,
  `batch` int(11) NOT NULL,
  PRIMARY KEY (`id`)
) ENGINE=InnoDB AUTO_INCREMENT=5 DEFAULT CHARSET=utf8mb4 COLLATE=utf8mb4_unicode_ci;

-- ----------------------------
-- Records of migrations
-- ----------------------------
INSERT INTO `migrations` VALUES ('1', '2014_10_12_000000_create_users_table', '1');
INSERT INTO `migrations` VALUES ('2', '2014_10_12_100000_create_password_resets_table', '1');
INSERT INTO `migrations` VALUES ('3', '2018_07_04_193800_create_products_table', '1');
INSERT INTO `migrations` VALUES ('4', '2018_07_04_194232_create_reviews_table', '1');

-- ----------------------------
-- Table structure for password_resets
-- ----------------------------
DROP TABLE IF EXISTS `password_resets`;
CREATE TABLE `password_resets` (
  `email` varchar(191) COLLATE utf8mb4_unicode_ci NOT NULL,
  `token` varchar(191) COLLATE utf8mb4_unicode_ci NOT NULL,
  `created_at` timestamp NULL DEFAULT NULL,
  KEY `password_resets_email_index` (`email`)
) ENGINE=InnoDB DEFAULT CHARSET=utf8mb4 COLLATE=utf8mb4_unicode_ci;

-- ----------------------------
-- Records of password_resets
-- ----------------------------

-- ----------------------------
-- Table structure for products
-- ----------------------------
DROP TABLE IF EXISTS `products`;
CREATE TABLE `products` (
  `id` int(10) unsigned NOT NULL AUTO_INCREMENT,
  `name` varchar(191) COLLATE utf8mb4_unicode_ci NOT NULL,
  `detail` text COLLATE utf8mb4_unicode_ci NOT NULL,
  `price` int(11) NOT NULL,
  `stock` int(11) NOT NULL,
  `discount` int(11) NOT NULL,
  `created_at` timestamp NULL DEFAULT NULL,
  `updated_at` timestamp NULL DEFAULT NULL,
  PRIMARY KEY (`id`)
) ENGINE=InnoDB AUTO_INCREMENT=51 DEFAULT CHARSET=utf8mb4 COLLATE=utf8mb4_unicode_ci;

-- ----------------------------
-- Records of products
-- ----------------------------
INSERT INTO `products` VALUES ('1', 'placeat', 'Molestiae ipsa sit dolorem quis necessitatibus id. Aspernatur qui iusto praesentium porro nesciunt. Et qui officia iste sed minima enim minus.', '997', '2', '30', '2018-07-04 20:26:55', '2018-07-04 20:26:55');
INSERT INTO `products` VALUES ('2', 'mollitia', 'Distinctio molestiae non ducimus voluptatem alias quam. Quos ea quasi laboriosam expedita aut. Iure asperiores velit consequatur vero et molestiae.', '373', '4', '27', '2018-07-04 20:26:55', '2018-07-04 20:26:55');
INSERT INTO `products` VALUES ('3', 'praesentium', 'Nisi quaerat expedita est debitis. Ipsam dolor minima voluptatem facere enim id quasi. Qui et quis quos eligendi eaque fuga et.', '169', '8', '25', '2018-07-04 20:26:55', '2018-07-04 20:26:55');
INSERT INTO `products` VALUES ('4', 'vero', 'Ipsa provident vero ducimus fugiat perspiciatis possimus. Eveniet minima commodi reprehenderit illo recusandae. Veniam nesciunt quia ratione. Corrupti laboriosam doloremque cupiditate rem ut ut.', '913', '9', '11', '2018-07-04 20:26:56', '2018-07-04 20:26:56');
INSERT INTO `products` VALUES ('5', 'nobis', 'Rerum est dignissimos aut sint ut tenetur. Quia quos est officiis dolores et. Molestias et minima minus quaerat nulla.', '755', '6', '25', '2018-07-04 20:26:56', '2018-07-04 20:26:56');
INSERT INTO `products` VALUES ('6', 'ut', 'Ut enim commodi voluptatem voluptatum quia et. Est impedit sapiente voluptatem expedita quo fuga veritatis. Beatae ut nesciunt accusamus omnis distinctio. Veritatis maxime fuga eaque minus quae.', '477', '3', '6', '2018-07-04 20:26:56', '2018-07-04 20:26:56');
INSERT INTO `products` VALUES ('7', 'aliquid', 'Quo qui est delectus inventore voluptatum velit. Eveniet rerum porro quas voluptatem. Ducimus porro magni aliquam numquam quod quibusdam.', '290', '5', '25', '2018-07-04 20:26:56', '2018-07-04 20:26:56');
INSERT INTO `products` VALUES ('8', 'blanditiis', 'Id rem accusantium ut earum. Itaque quod est cumque voluptas. Odio ut exercitationem aut in. Voluptatibus sed ut qui molestiae consequatur et.', '460', '8', '28', '2018-07-04 20:26:56', '2018-07-04 20:26:56');
INSERT INTO `products` VALUES ('9', 'sint', 'Et ut voluptas unde fugit debitis sequi. Saepe molestiae officia et et ducimus reiciendis. Voluptatem atque eveniet qui rerum mollitia voluptates. Aspernatur doloremque occaecati illum.', '497', '9', '29', '2018-07-04 20:26:56', '2018-07-04 20:26:56');
INSERT INTO `products` VALUES ('10', 'ipsa', 'Enim impedit harum vero quidem totam est mollitia et. Provident doloribus amet nihil asperiores ut iusto. Consequatur consequatur dolore neque debitis non sapiente.', '940', '9', '27', '2018-07-04 20:26:56', '2018-07-04 20:26:56');
INSERT INTO `products` VALUES ('11', 'est', 'Nostrum fuga vitae ea aspernatur ipsa beatae. Rerum exercitationem ut non necessitatibus perspiciatis reiciendis qui. Non sed ducimus excepturi aut amet.', '214', '3', '11', '2018-07-04 20:26:56', '2018-07-04 20:26:56');
INSERT INTO `products` VALUES ('12', 'nam', 'Tempora ut quaerat eum sunt. Nostrum error accusantium sequi tenetur harum numquam eum. Libero quae magnam est reiciendis inventore. Ea perferendis repellat ut corporis ratione.', '574', '5', '7', '2018-07-04 20:26:56', '2018-07-04 20:26:56');
INSERT INTO `products` VALUES ('13', 'laborum', 'Omnis et nesciunt sit aperiam magni perspiciatis consectetur. Dolores omnis molestiae consequatur sequi. Optio voluptatem sit enim.', '569', '8', '3', '2018-07-04 20:26:56', '2018-07-04 20:26:56');
INSERT INTO `products` VALUES ('14', 'corporis', 'Adipisci molestias nemo soluta cupiditate. Dignissimos dolor distinctio voluptas iusto et architecto. Rerum maiores accusamus a voluptatibus dolores. Necessitatibus commodi possimus fuga et unde hic temporibus.', '451', '7', '7', '2018-07-04 20:26:56', '2018-07-04 20:26:56');
INSERT INTO `products` VALUES ('15', 'molestiae', 'Et error consequatur autem veritatis sunt. Veritatis eos ut qui eum. Quibusdam commodi quis distinctio rem est inventore.', '964', '5', '21', '2018-07-04 20:26:56', '2018-07-04 20:26:56');
INSERT INTO `products` VALUES ('16', 'explicabo', 'Sit nihil laborum molestiae omnis consequatur nulla asperiores officiis. Aut distinctio qui repudiandae laboriosam. Iure ipsum quo libero ut saepe accusamus ut ea.', '488', '2', '5', '2018-07-04 20:26:56', '2018-07-04 20:26:56');
INSERT INTO `products` VALUES ('17', 'tenetur', 'Cumque corrupti atque fugiat et nam deserunt quia vel. Fugit sequi cum cupiditate et.', '436', '9', '28', '2018-07-04 20:26:56', '2018-07-04 20:26:56');
INSERT INTO `products` VALUES ('18', 'doloribus', 'Velit harum eum excepturi voluptas voluptatem debitis. Sint temporibus est voluptatem nesciunt. Earum fugiat eos fugiat temporibus. Dicta dicta sequi architecto rem et voluptatem non.', '575', '8', '29', '2018-07-04 20:26:56', '2018-07-04 20:26:56');
INSERT INTO `products` VALUES ('19', 'non', 'Sed aut assumenda sit et sit et non eligendi. Quia nisi exercitationem voluptatibus voluptas inventore ea aut enim.', '986', '1', '22', '2018-07-04 20:26:56', '2018-07-04 20:26:56');
INSERT INTO `products` VALUES ('20', 'voluptatum', 'Pariatur officia velit quod ratione et. Ipsum est rerum voluptatem nulla atque. Incidunt sequi ut est cumque.', '379', '3', '26', '2018-07-04 20:26:56', '2018-07-04 20:26:56');
INSERT INTO `products` VALUES ('21', 'quaerat', 'Commodi aut earum perspiciatis. Dignissimos excepturi doloribus dolorum cum vel non. Sint deleniti deserunt dolor incidunt. Dignissimos eius eius nostrum est facere numquam.', '785', '8', '15', '2018-07-04 20:26:56', '2018-07-04 20:26:56');
INSERT INTO `products` VALUES ('22', 'perferendis', 'Ad corporis qui nam assumenda. Ipsam earum pariatur nemo quibusdam qui. Ut laboriosam a temporibus in eos dolorum ducimus.', '180', '1', '7', '2018-07-04 20:26:56', '2018-07-04 20:26:56');
INSERT INTO `products` VALUES ('23', 'hic', 'Perspiciatis commodi eos necessitatibus dolores voluptas voluptas doloremque voluptatem. Vero possimus quae nobis laborum modi molestiae quibusdam. Consectetur quia officia distinctio maxime vel non.', '105', '3', '15', '2018-07-04 20:26:56', '2018-07-04 20:26:56');
INSERT INTO `products` VALUES ('24', 'placeat', 'Laudantium voluptatum error dignissimos consequuntur. Soluta autem ea quidem laboriosam deleniti sunt. Nobis dolorem totam qui est eos modi dolorum. Vel tenetur aut nesciunt amet nulla provident. Maxime minus voluptas quod et repudiandae aut quod.', '775', '6', '18', '2018-07-04 20:26:56', '2018-07-04 20:26:56');
INSERT INTO `products` VALUES ('25', 'impedit', 'Omnis magnam incidunt quia in velit. Necessitatibus unde perspiciatis est. Nihil omnis omnis hic quo. Consequatur architecto voluptatibus debitis officia omnis.', '206', '5', '28', '2018-07-04 20:26:57', '2018-07-04 20:26:57');
INSERT INTO `products` VALUES ('26', 'ipsum', 'Ut odio commodi a vero. Et facilis quibusdam eaque. Ipsa tenetur excepturi aut. Nisi architecto laudantium ut praesentium eum rerum ad voluptate.', '263', '3', '23', '2018-07-04 20:26:57', '2018-07-04 20:26:57');
INSERT INTO `products` VALUES ('27', 'modi', 'Dolor et ut facere iure. Voluptatem tenetur natus ex placeat quo facere architecto. Natus molestiae dolore quae aut. Minus modi ea dolores et ut corporis rerum. Velit porro totam voluptatum incidunt animi accusantium at est.', '724', '4', '22', '2018-07-04 20:26:57', '2018-07-04 20:26:57');
INSERT INTO `products` VALUES ('28', 'et', 'Est ducimus eius atque aut. Quo sequi corrupti inventore aliquid voluptate soluta. Inventore dolores facere pariatur ut qui facilis nemo.', '776', '8', '14', '2018-07-04 20:26:57', '2018-07-04 20:26:57');
INSERT INTO `products` VALUES ('29', 'consequatur', 'A voluptatem perferendis quia enim. Odit laboriosam molestiae praesentium possimus ea consectetur iusto eligendi.', '264', '1', '3', '2018-07-04 20:26:57', '2018-07-04 20:26:57');
INSERT INTO `products` VALUES ('30', 'est', 'Et aut molestias corporis dolores est ullam consequatur. Et voluptas ullam ullam repudiandae. Voluptate consequatur sunt reiciendis sed et quis.', '229', '1', '13', '2018-07-04 20:26:57', '2018-07-04 20:26:57');
INSERT INTO `products` VALUES ('31', 'earum', 'Nam porro alias possimus. Iusto deleniti voluptatem beatae. Tempore corrupti esse hic incidunt qui deleniti dolorum dolor. Consequatur repellendus qui et excepturi asperiores deleniti.', '897', '4', '8', '2018-07-04 20:26:57', '2018-07-04 20:26:57');
INSERT INTO `products` VALUES ('32', 'explicabo', 'Aliquid rerum qui eum ullam. Numquam sed consequuntur dolorem. Aliquid tempore expedita qui fugiat est aliquam ipsam aspernatur.', '271', '2', '5', '2018-07-04 20:26:57', '2018-07-04 20:26:57');
INSERT INTO `products` VALUES ('33', 'vero', 'Omnis ea et ab quasi numquam. Aut sit quas inventore cupiditate est quia fugit. Tenetur quia quas fuga vel quis unde qui.', '120', '0', '23', '2018-07-04 20:26:57', '2018-07-04 20:26:57');
INSERT INTO `products` VALUES ('34', 'sed', 'Reiciendis ab aspernatur maxime ipsam maxime quo. Eveniet iste rerum ex tempora facilis. Adipisci ipsum molestiae asperiores sed voluptas incidunt similique.', '316', '8', '11', '2018-07-04 20:26:57', '2018-07-04 20:26:57');
INSERT INTO `products` VALUES ('35', 'maiores', 'Culpa aut ullam quis amet excepturi maiores ut. Officiis dignissimos in eos praesentium. Sapiente omnis commodi nulla laborum asperiores aut animi. Ea accusamus reprehenderit officia voluptas voluptatem accusamus aut.', '247', '1', '21', '2018-07-04 20:26:57', '2018-07-04 20:26:57');
INSERT INTO `products` VALUES ('36', 'dolore', 'Rerum est quasi expedita excepturi porro quisquam. Vel qui numquam iusto eum voluptate. Minima aut distinctio pariatur perferendis dolor aut suscipit. Sed ut dicta est id est.', '396', '4', '13', '2018-07-04 20:26:57', '2018-07-04 20:26:57');
INSERT INTO `products` VALUES ('37', 'doloremque', 'Sed reprehenderit veniam reprehenderit. Alias non veritatis repudiandae amet omnis eius impedit inventore. Est sequi magni architecto dignissimos velit.', '371', '0', '22', '2018-07-04 20:26:57', '2018-07-04 20:26:57');
INSERT INTO `products` VALUES ('38', 'quam', 'Consequatur enim mollitia dolorem excepturi ex non. A dignissimos est vel neque consequatur. Voluptatem dolor doloribus qui ratione voluptas. Repellendus dolores veniam qui perferendis fugit rem asperiores illo.', '906', '8', '13', '2018-07-04 20:26:57', '2018-07-04 20:26:57');
INSERT INTO `products` VALUES ('39', 'odit', 'Tenetur ut velit itaque modi aliquid. Soluta quod aut nobis. Facilis libero et dolor fuga est non magni. Omnis delectus asperiores sed ducimus.', '961', '9', '13', '2018-07-04 20:26:57', '2018-07-04 20:26:57');
INSERT INTO `products` VALUES ('40', 'accusantium', 'Voluptas culpa cumque sunt. Nostrum aut enim velit cupiditate. Ad sunt dolorem aut alias voluptatem.', '996', '3', '19', '2018-07-04 20:26:57', '2018-07-04 20:26:57');
INSERT INTO `products` VALUES ('41', 'officia', 'A expedita est eaque omnis. Voluptatem dolores dolore quas delectus voluptatem itaque eos. Rem vitae est nulla labore ratione voluptatem.', '636', '0', '7', '2018-07-04 20:26:57', '2018-07-04 20:26:57');
INSERT INTO `products` VALUES ('42', 'et', 'Accusamus quia aut et eveniet laboriosam quisquam. Voluptas odit laudantium sequi eos. Vitae velit nobis autem officiis deserunt maxime quibusdam.', '284', '1', '7', '2018-07-04 20:26:57', '2018-07-04 20:26:57');
INSERT INTO `products` VALUES ('43', 'exercitationem', 'Omnis unde fugit consequatur velit. Tempore at quam voluptatem quae voluptates maiores. Qui numquam odio omnis.', '509', '8', '19', '2018-07-04 20:26:57', '2018-07-04 20:26:57');
INSERT INTO `products` VALUES ('44', 'explicabo', 'Ea commodi sit totam exercitationem non quaerat. Dolorem harum fugit placeat rerum. Cupiditate velit vel deserunt sequi architecto ut ut.', '305', '0', '7', '2018-07-04 20:26:57', '2018-07-04 20:26:57');
INSERT INTO `products` VALUES ('45', 'fuga', 'Inventore reprehenderit accusamus et voluptates ex voluptatem dolores qui. Non rem nihil explicabo dolor molestias. Dolores aut eum laborum recusandae porro doloribus. Voluptatem reprehenderit quibusdam minima autem est nam.', '135', '6', '27', '2018-07-04 20:26:57', '2018-07-04 20:26:57');
INSERT INTO `products` VALUES ('46', 'autem', 'Quia magni mollitia et eaque vel sed. Nobis architecto dolorum qui dolor autem dolorem. Qui sed blanditiis qui repellendus et. Quas est a exercitationem in.', '234', '5', '16', '2018-07-04 20:26:58', '2018-07-04 20:26:58');
INSERT INTO `products` VALUES ('47', 'commodi', 'Velit voluptate facere doloremque recusandae. Et laborum laudantium itaque reiciendis dolores similique aliquam occaecati. Rem consequatur ut tenetur modi.', '766', '8', '27', '2018-07-04 20:26:58', '2018-07-04 20:26:58');
INSERT INTO `products` VALUES ('48', 'itaque', 'Perspiciatis ex et corporis exercitationem magnam aspernatur suscipit. Veritatis voluptate eum quia asperiores expedita doloribus. Dolor quod nam explicabo perspiciatis fugit dolorum.', '732', '9', '29', '2018-07-04 20:26:58', '2018-07-04 20:26:58');
INSERT INTO `products` VALUES ('49', 'nulla', 'Et fuga sequi voluptatem. Magni laborum officiis optio modi. Et in corrupti placeat quae ut et dolor. Et laboriosam voluptatem quia qui similique et sunt incidunt.', '478', '6', '25', '2018-07-04 20:26:58', '2018-07-04 20:26:58');
INSERT INTO `products` VALUES ('50', 'excepturi', 'Tenetur exercitationem rerum illum. Illum magnam perspiciatis voluptate occaecati tenetur non. Dicta veritatis rem quis delectus omnis odio.', '387', '9', '14', '2018-07-04 20:26:58', '2018-07-04 20:26:58');

-- ----------------------------
-- Table structure for reviews
-- ----------------------------
DROP TABLE IF EXISTS `reviews`;
CREATE TABLE `reviews` (
  `id` int(10) unsigned NOT NULL AUTO_INCREMENT,
  `product_id` int(10) unsigned NOT NULL,
  `customer` varchar(191) COLLATE utf8mb4_unicode_ci NOT NULL,
  `review` text COLLATE utf8mb4_unicode_ci NOT NULL,
  `star` int(11) NOT NULL,
  `created_at` timestamp NULL DEFAULT NULL,
  `updated_at` timestamp NULL DEFAULT NULL,
  PRIMARY KEY (`id`),
  KEY `reviews_product_id_index` (`product_id`),
  CONSTRAINT `reviews_product_id_foreign` FOREIGN KEY (`product_id`) REFERENCES `products` (`id`) ON DELETE CASCADE
) ENGINE=InnoDB AUTO_INCREMENT=301 DEFAULT CHARSET=utf8mb4 COLLATE=utf8mb4_unicode_ci;

-- ----------------------------
-- Records of reviews
-- ----------------------------
INSERT INTO `reviews` VALUES ('1', '45', 'Mr. Moses Goyette', 'Dolorum accusamus est rerum necessitatibus est sed qui quae. Quo dolorum fugit sed et quibusdam. Doloremque sunt aperiam repellendus. Sint voluptate corporis id dolores modi nam sunt voluptatum. Omnis id atque maiores sit optio qui.', '2', '2018-07-04 20:26:59', '2018-07-04 20:26:59');
INSERT INTO `reviews` VALUES ('2', '10', 'Cristobal Koch', 'Qui ab beatae illum autem consequatur distinctio expedita. Qui sed fuga eaque eum. Mollitia quis rerum odio error veritatis nobis est.', '3', '2018-07-04 20:26:59', '2018-07-04 20:26:59');
INSERT INTO `reviews` VALUES ('3', '21', 'Dr. Megane Mosciski IV', 'Et quibusdam unde ipsa dolorem officiis necessitatibus reprehenderit. Rerum modi assumenda dolor consequatur qui assumenda architecto. Ducimus qui minus libero ut. Dolorem et expedita molestias.', '2', '2018-07-04 20:27:00', '2018-07-04 20:27:00');
INSERT INTO `reviews` VALUES ('4', '16', 'Adella Welch', 'Vero vel id quisquam aperiam. Cum dolore et recusandae dignissimos nam quia. Maiores veniam qui dolorum consequatur.', '1', '2018-07-04 20:27:00', '2018-07-04 20:27:00');
INSERT INTO `reviews` VALUES ('5', '26', 'Dr. Rhea Dibbert', 'Laudantium illo debitis labore voluptatem provident earum occaecati. Voluptates aliquam voluptates autem culpa magni sit rerum. Impedit et a architecto provident et ab quia.', '3', '2018-07-04 20:27:00', '2018-07-04 20:27:00');
INSERT INTO `reviews` VALUES ('6', '6', 'Prof. Deshawn Jerde III', 'Beatae perferendis necessitatibus consequatur occaecati amet aut. Rerum expedita iure non vero quidem. Beatae autem autem veniam qui et eum. Vitae aut ut est.', '1', '2018-07-04 20:27:00', '2018-07-04 20:27:00');
INSERT INTO `reviews` VALUES ('7', '2', 'Mr. Noble Will', 'Quod quasi voluptatibus saepe quia dignissimos aut ducimus voluptatem. Vero id dolor excepturi incidunt. Voluptatum ut aut aperiam dignissimos sunt aliquid. Molestias rem fugit quibusdam facere sit.', '2', '2018-07-04 20:27:00', '2018-07-04 20:27:00');
INSERT INTO `reviews` VALUES ('8', '40', 'Schuyler Senger', 'Labore id sunt iusto aut voluptas. Maiores quasi repellat laudantium. Pariatur dolorum sed placeat fugiat non.', '3', '2018-07-04 20:27:00', '2018-07-04 20:27:00');
INSERT INTO `reviews` VALUES ('9', '36', 'Dr. Helene Kautzer', 'Qui quae aspernatur voluptas error quis impedit qui. Tempora ut laboriosam ducimus repudiandae voluptatem quibusdam quasi alias. Aut quam dolor excepturi et modi tempore autem deserunt.', '2', '2018-07-04 20:27:00', '2018-07-04 20:27:00');
INSERT INTO `reviews` VALUES ('10', '26', 'Rosalyn Hauck', 'Beatae corrupti quo quo magnam. Laborum tempore eveniet commodi eum consequatur. Ex voluptate quisquam explicabo.', '4', '2018-07-04 20:27:00', '2018-07-04 20:27:00');
INSERT INTO `reviews` VALUES ('11', '29', 'Americo Witting', 'Et in quia enim neque optio illo inventore. Tempore odio velit necessitatibus aut sed. Dignissimos soluta aut facilis velit consequatur impedit est.', '3', '2018-07-04 20:27:00', '2018-07-04 20:27:00');
INSERT INTO `reviews` VALUES ('12', '5', 'Berta Dietrich', 'Fuga totam distinctio possimus et. Dolorem qui molestiae aut non suscipit. Neque accusantium est et et. Ipsum accusamus vero qui sapiente perspiciatis autem reiciendis. Qui recusandae consequatur alias.', '2', '2018-07-04 20:27:00', '2018-07-04 20:27:00');
INSERT INTO `reviews` VALUES ('13', '40', 'Maybelle Greenholt', 'Nobis nostrum maiores minus. Rerum neque explicabo aut sunt odit ab beatae voluptas. Sed veniam ex et impedit nihil culpa est. Nesciunt omnis natus vel facilis.', '1', '2018-07-04 20:27:00', '2018-07-04 20:27:00');
INSERT INTO `reviews` VALUES ('14', '15', 'Osvaldo Lebsack', 'Molestias nam quo dolorem eos iusto. Unde vitae reprehenderit iure explicabo soluta. Voluptas alias quia quod porro debitis eum.', '1', '2018-07-04 20:27:00', '2018-07-04 20:27:00');
INSERT INTO `reviews` VALUES ('15', '11', 'Orval Hettinger', 'Aut similique ipsam repudiandae consequatur nemo magnam minima. Sed laudantium sit aliquid eaque. Hic sed aut quo fugit ut necessitatibus quia. Omnis animi fugiat et quasi autem aspernatur ipsa.', '4', '2018-07-04 20:27:00', '2018-07-04 20:27:00');
INSERT INTO `reviews` VALUES ('16', '42', 'Colleen Schaden', 'Ipsa aliquam et repudiandae deleniti sint. Iusto natus velit consequatur consectetur recusandae. Laborum voluptates asperiores dolor porro nam.', '2', '2018-07-04 20:27:00', '2018-07-04 20:27:00');
INSERT INTO `reviews` VALUES ('17', '13', 'Joannie Harvey', 'Dolores eius tempore molestiae repellendus nihil exercitationem aliquam quae. Corrupti molestias beatae esse minima dolorem est. Laborum voluptas nam quas nulla et et quia et.', '0', '2018-07-04 20:27:01', '2018-07-04 20:27:01');
INSERT INTO `reviews` VALUES ('18', '7', 'Kiara O\'Reilly', 'Sed deleniti est praesentium eligendi corporis ut dolore. Deleniti et cumque reprehenderit beatae. Nihil qui qui dolorem est.', '4', '2018-07-04 20:27:01', '2018-07-04 20:27:01');
INSERT INTO `reviews` VALUES ('19', '10', 'Mr. Jillian Schiller', 'Quibusdam ad dolores voluptas laboriosam numquam. Dolore eos quisquam sed aliquid iure nemo. Excepturi enim nihil sint consequatur sed aut ea. Ut ad eius enim.', '2', '2018-07-04 20:27:01', '2018-07-04 20:27:01');
INSERT INTO `reviews` VALUES ('20', '26', 'Colton Stark', 'Temporibus corrupti qui et ut. Iure voluptates libero eum rem ut. Ut odit ipsa et qui aut vel.', '5', '2018-07-04 20:27:01', '2018-07-04 20:27:01');
INSERT INTO `reviews` VALUES ('21', '49', 'Prof. Eve O\'Hara', 'Eos sint voluptas sint et. Sit voluptas tempora sint nostrum. Modi earum sint amet.', '3', '2018-07-04 20:27:01', '2018-07-04 20:27:01');
INSERT INTO `reviews` VALUES ('22', '49', 'Gaston Ritchie DVM', 'Amet aut sapiente dolor sed impedit totam. Hic quas explicabo omnis et consectetur voluptas. Doloremque ipsum quo quo ut veniam perspiciatis.', '2', '2018-07-04 20:27:01', '2018-07-04 20:27:01');
INSERT INTO `reviews` VALUES ('23', '50', 'Stacy Herman', 'Sed sapiente officiis sunt. Doloribus dolores fuga et nihil libero voluptas voluptas. Voluptatem et sed et enim nihil quia esse. Vel ducimus sint dolor incidunt voluptatibus numquam. Iste officiis soluta sed eos quis.', '3', '2018-07-04 20:27:01', '2018-07-04 20:27:01');
INSERT INTO `reviews` VALUES ('24', '22', 'Mr. Delaney Pfeffer I', 'Quisquam dolor libero architecto consequuntur nesciunt porro. Voluptate quos omnis labore quidem reprehenderit maxime molestias. Quo ex libero magni est dolores eius.', '1', '2018-07-04 20:27:01', '2018-07-04 20:27:01');
INSERT INTO `reviews` VALUES ('25', '37', 'Anthony Kris', 'Deleniti a ut repellendus omnis veniam sint quidem. Est aut ipsam tempora aut eius. Et voluptatem debitis id nesciunt at nobis qui. Voluptatem officiis accusamus error earum aspernatur alias officia.', '3', '2018-07-04 20:27:01', '2018-07-04 20:27:01');
INSERT INTO `reviews` VALUES ('26', '48', 'Dr. Adan Yost', 'Sint est est nobis deleniti. Voluptatibus ut harum voluptate nostrum.', '5', '2018-07-04 20:27:01', '2018-07-04 20:27:01');
INSERT INTO `reviews` VALUES ('27', '33', 'Prof. Enid Hickle DVM', 'Voluptatem ipsa et qui quaerat ut quo praesentium. Natus autem totam consequatur eveniet soluta omnis.', '1', '2018-07-04 20:27:01', '2018-07-04 20:27:01');
INSERT INTO `reviews` VALUES ('28', '45', 'Dr. Kurtis Parker', 'Ea nihil magnam dolore. Dolorem tenetur omnis ut quia. Quasi sequi velit asperiores velit aliquid exercitationem quis laudantium. Laboriosam omnis tempore corrupti quia et atque voluptatem alias.', '2', '2018-07-04 20:27:01', '2018-07-04 20:27:01');
INSERT INTO `reviews` VALUES ('29', '50', 'Ms. Mertie Cassin', 'Perferendis aliquam vel voluptatem consequatur deserunt. Velit laudantium molestias nulla qui dolores quasi unde quo. Ut debitis nam consequatur iste et vitae eum eveniet. Nihil quo sed enim illo consequatur sequi.', '0', '2018-07-04 20:27:01', '2018-07-04 20:27:01');
INSERT INTO `reviews` VALUES ('30', '20', 'Ahmed Rempel', 'Voluptatem odio hic magnam sapiente et. Nam eaque qui architecto in inventore molestiae suscipit. Consequuntur eos alias recusandae dolor corrupti. Qui et numquam libero velit et. Magni in sit illo ea.', '2', '2018-07-04 20:27:01', '2018-07-04 20:27:01');
INSERT INTO `reviews` VALUES ('31', '50', 'Vince Dickens', 'Provident laborum culpa occaecati similique numquam. Dolor provident vel qui.', '5', '2018-07-04 20:27:01', '2018-07-04 20:27:01');
INSERT INTO `reviews` VALUES ('32', '43', 'Ms. Luisa Beer Sr.', 'Enim nisi sit hic aspernatur officiis sit. Commodi quia qui sit sint in qui doloribus. Cum earum quibusdam vel est. Est distinctio tempore id reprehenderit accusantium. Dolorum omnis impedit minus et odit temporibus.', '1', '2018-07-04 20:27:02', '2018-07-04 20:27:02');
INSERT INTO `reviews` VALUES ('33', '42', 'Bernice Graham', 'Voluptates aliquam distinctio vero molestiae sapiente. Suscipit harum fugiat quibusdam sapiente ratione voluptatibus vitae. Est quibusdam ullam nihil vel maxime facere.', '2', '2018-07-04 20:27:02', '2018-07-04 20:27:02');
INSERT INTO `reviews` VALUES ('34', '10', 'Miss Rhianna Ledner', 'Fugiat velit accusantium et maiores a. Ut esse omnis omnis ad ipsum quia deleniti. Et et quis qui iure et non.', '0', '2018-07-04 20:27:02', '2018-07-04 20:27:02');
INSERT INTO `reviews` VALUES ('35', '42', 'Dagmar Kilback Sr.', 'Ea consequuntur quam cupiditate blanditiis dicta. Explicabo occaecati unde laudantium necessitatibus quia velit. Libero officiis sit libero eveniet et.', '0', '2018-07-04 20:27:02', '2018-07-04 20:27:02');
INSERT INTO `reviews` VALUES ('36', '15', 'Dulce Buckridge', 'Eum molestiae dolor eos quisquam atque vitae. Culpa commodi consequuntur aut eum minus. Et cum voluptates a et quod ea. Molestiae quam provident nihil quia quas. Ut quibusdam aut perspiciatis doloremque fugiat.', '2', '2018-07-04 20:27:02', '2018-07-04 20:27:02');
INSERT INTO `reviews` VALUES ('37', '16', 'Ms. Pamela McGlynn', 'Praesentium fuga perferendis minus id occaecati totam est sit. Veritatis provident est praesentium quia incidunt ratione. Nobis totam nihil delectus maiores est recusandae.', '0', '2018-07-04 20:27:02', '2018-07-04 20:27:02');
INSERT INTO `reviews` VALUES ('38', '35', 'Prof. Willard Keeling MD', 'Qui repellat fuga iusto delectus. Nihil eligendi inventore magnam sunt. Suscipit natus qui et dolorem.', '4', '2018-07-04 20:27:02', '2018-07-04 20:27:02');
INSERT INTO `reviews` VALUES ('39', '2', 'Dr. Damon Klein Sr.', 'Et et voluptates harum qui et neque. Rem explicabo fuga harum necessitatibus deleniti perspiciatis voluptatem. Et sapiente quis ea eligendi fuga sit consequatur quam. Dolorum et nisi qui. Omnis tenetur qui nemo libero vitae ex porro.', '4', '2018-07-04 20:27:02', '2018-07-04 20:27:02');
INSERT INTO `reviews` VALUES ('40', '46', 'Soledad Hodkiewicz', 'Iusto sunt et a exercitationem ducimus nihil sunt. Natus molestias vel quibusdam sit ut. Alias porro quo porro voluptatem quod non. Qui possimus non laborum officiis culpa et.', '1', '2018-07-04 20:27:02', '2018-07-04 20:27:02');
INSERT INTO `reviews` VALUES ('41', '2', 'Keyon Adams DVM', 'Quis doloribus aperiam quia reiciendis quasi beatae sed. At quisquam reprehenderit culpa et quam. Aut et magni cumque.', '4', '2018-07-04 20:27:02', '2018-07-04 20:27:02');
INSERT INTO `reviews` VALUES ('42', '46', 'Oda Kessler', 'Ducimus qui laborum dicta odit et voluptas voluptatibus. Aliquam nisi ipsam hic. Illum repellat maiores ducimus aliquid. Laboriosam illum expedita nisi ducimus.', '5', '2018-07-04 20:27:02', '2018-07-04 20:27:02');
INSERT INTO `reviews` VALUES ('43', '44', 'Kassandra Kessler', 'Quia ea beatae et alias non quia. Deserunt consequuntur aut odio eum ipsa aut. Consequatur adipisci officiis blanditiis eveniet qui sequi nam. Beatae commodi fugiat temporibus perferendis ipsum rem. Qui nobis sapiente non qui nam rerum.', '3', '2018-07-04 20:27:02', '2018-07-04 20:27:02');
INSERT INTO `reviews` VALUES ('44', '34', 'Duncan Shanahan', 'Aut quia ratione voluptas magni sequi quis. Repellat voluptas error ullam iure. Distinctio eaque maxime illum corporis et repellat labore. Et ut velit molestias aspernatur nostrum dolor.', '5', '2018-07-04 20:27:02', '2018-07-04 20:27:02');
INSERT INTO `reviews` VALUES ('45', '45', 'Isidro Schroeder', 'Ut est molestias vel dicta excepturi eos. Consequatur consequatur fugiat non ut beatae. Nulla voluptas quia voluptas minus velit ut.', '1', '2018-07-04 20:27:02', '2018-07-04 20:27:02');
INSERT INTO `reviews` VALUES ('46', '49', 'Janessa Hettinger', 'Totam nulla nam magni cumque iste tempora. Tempora deleniti iure sit excepturi nihil aut. Est at voluptas qui quis. Consectetur placeat sed qui nulla.', '5', '2018-07-04 20:27:02', '2018-07-04 20:27:02');
INSERT INTO `reviews` VALUES ('47', '14', 'Kaelyn Nicolas', 'Exercitationem enim minus id quia laudantium facere sit. Vero saepe sint dolores illo fugit veritatis. Cupiditate odit ut eos dicta omnis. Voluptate eos atque iusto qui.', '3', '2018-07-04 20:27:02', '2018-07-04 20:27:02');
INSERT INTO `reviews` VALUES ('48', '38', 'Lauren Fay II', 'Sint sed asperiores non in molestias voluptatem voluptatem. In ad omnis repellat in sit. Nulla ad voluptas accusantium dolores deleniti rem iste. Ab tempora at atque qui.', '4', '2018-07-04 20:27:02', '2018-07-04 20:27:02');
INSERT INTO `reviews` VALUES ('49', '9', 'Mr. Willy Bernier', 'Quis et nemo ipsam. Earum dolores sit ea possimus officia. Molestiae mollitia quam est.', '1', '2018-07-04 20:27:02', '2018-07-04 20:27:02');
INSERT INTO `reviews` VALUES ('50', '13', 'Mrs. Estella Lueilwitz', 'Error labore quia inventore quos. Ut aut fuga porro. Sit facere rerum numquam consequatur deserunt optio.', '5', '2018-07-04 20:27:02', '2018-07-04 20:27:02');
INSERT INTO `reviews` VALUES ('51', '5', 'Dr. Jared Anderson Jr.', 'Hic totam ut deserunt fuga. Praesentium tempore tempore architecto quod consequatur. Enim dolorum quasi nihil. Natus cumque est vero quo ea molestias. Adipisci ducimus quia maxime debitis molestiae quo.', '3', '2018-07-04 20:27:02', '2018-07-04 20:27:02');
INSERT INTO `reviews` VALUES ('52', '11', 'Prof. Madeline Reynolds', 'Doloremque ex molestias fugiat modi saepe asperiores. Beatae sed rem autem. Aut aperiam culpa sed ut.', '4', '2018-07-04 20:27:02', '2018-07-04 20:27:02');
INSERT INTO `reviews` VALUES ('53', '49', 'Katelynn Stehr', 'Tempore maxime enim qui vitae velit accusantium dolor. Ratione molestias magnam vero assumenda quis omnis enim vel. Animi molestiae ut quia labore distinctio. Voluptate ullam voluptas qui sint rem exercitationem.', '4', '2018-07-04 20:27:02', '2018-07-04 20:27:02');
INSERT INTO `reviews` VALUES ('54', '3', 'Mozelle Conroy', 'Ut rerum quia et aut id. Eveniet amet in qui iusto et quos. Sit ut et non sunt ipsam aut quasi expedita. Itaque impedit velit cumque ullam vel quia.', '0', '2018-07-04 20:27:02', '2018-07-04 20:27:02');
INSERT INTO `reviews` VALUES ('55', '14', 'Retha Nolan', 'Et ut tenetur distinctio quidem accusamus. Ut reiciendis qui quia architecto recusandae repellat aliquam ipsum.', '5', '2018-07-04 20:27:02', '2018-07-04 20:27:02');
INSERT INTO `reviews` VALUES ('56', '19', 'Chad Reilly', 'Explicabo saepe voluptate ducimus incidunt quas labore voluptates. Officia qui impedit impedit deserunt sit. Molestiae accusamus voluptatum autem ut.', '4', '2018-07-04 20:27:03', '2018-07-04 20:27:03');
INSERT INTO `reviews` VALUES ('57', '12', 'Kennedi Hoppe', 'Aut officia illum eos necessitatibus veritatis non. Nihil ut repellendus aperiam. Ut velit quaerat quo nulla maiores quod repellat. Quo quae odio nam itaque a voluptas.', '3', '2018-07-04 20:27:03', '2018-07-04 20:27:03');
INSERT INTO `reviews` VALUES ('58', '3', 'Mr. Tito Quitzon DDS', 'Ratione inventore officiis tempora et ex. Saepe atque ut at eos. Et aut atque nulla saepe quibusdam minus fugit.', '2', '2018-07-04 20:27:03', '2018-07-04 20:27:03');
INSERT INTO `reviews` VALUES ('59', '41', 'Miss Josephine Kub', 'Esse architecto iusto eius earum. Veniam ratione quod aut commodi consequatur aspernatur. Reprehenderit iste pariatur commodi aut cumque quo molestiae. Blanditiis aliquam repellat culpa fugiat illo aut.', '5', '2018-07-04 20:27:03', '2018-07-04 20:27:03');
INSERT INTO `reviews` VALUES ('60', '32', 'Chance Strosin III', 'Eum fuga quasi omnis itaque voluptatem et. Voluptatem harum rerum sunt sunt ratione magni. Qui nihil aliquam rerum. Id quas assumenda possimus amet.', '3', '2018-07-04 20:27:03', '2018-07-04 20:27:03');
INSERT INTO `reviews` VALUES ('61', '25', 'Janis Schuster', 'Dolorem ea iure rem nobis. Dolor voluptatem inventore minus aut quisquam. Sit occaecati ea velit adipisci. Excepturi consequatur sequi adipisci rerum.', '5', '2018-07-04 20:27:03', '2018-07-04 20:27:03');
INSERT INTO `reviews` VALUES ('62', '39', 'Ana Gerhold', 'Ut cupiditate aperiam maxime culpa. Dolore velit enim fugiat consequatur quod laboriosam. Iusto dolorem sit sed voluptatem aut soluta pariatur. Ipsam aut officiis labore tempore quo eos ea.', '0', '2018-07-04 20:27:03', '2018-07-04 20:27:03');
INSERT INTO `reviews` VALUES ('63', '15', 'Mr. Danial Hand V', 'Sapiente nesciunt eveniet nihil consequatur commodi. Sed est eaque et nemo sed sequi ea. Ut similique velit laborum voluptas quis eum. Necessitatibus molestiae nam numquam dignissimos eos dicta nihil.', '4', '2018-07-04 20:27:03', '2018-07-04 20:27:03');
INSERT INTO `reviews` VALUES ('64', '44', 'Ruby Hickle', 'Minima odit possimus voluptas labore voluptate recusandae. Perspiciatis eos molestias natus facere. Quia sed qui repellendus velit et aut dolorem. Fugit eos cumque excepturi.', '3', '2018-07-04 20:27:03', '2018-07-04 20:27:03');
INSERT INTO `reviews` VALUES ('65', '30', 'Greg Franecki I', 'Laborum modi fugit corrupti perferendis. Aliquid inventore nihil dolore libero fugiat sint aut nobis. Labore dolore nam ullam laudantium illum et. Minus quas magni qui qui qui.', '4', '2018-07-04 20:27:03', '2018-07-04 20:27:03');
INSERT INTO `reviews` VALUES ('66', '37', 'Aiyana Mitchell', 'Id laboriosam amet qui eaque sed eos. In tenetur est nisi dolorum qui laborum perferendis. Saepe in dolore et voluptas et.', '4', '2018-07-04 20:27:03', '2018-07-04 20:27:03');
INSERT INTO `reviews` VALUES ('67', '7', 'Mr. Arvel Hills', 'Dolorem unde qui consectetur libero minus reprehenderit modi sint. Ipsum nam incidunt aliquam odit sit aut inventore. Et rem dolor eligendi veniam quam voluptatum. Harum dolorem velit vero repudiandae.', '5', '2018-07-04 20:27:03', '2018-07-04 20:27:03');
INSERT INTO `reviews` VALUES ('68', '1', 'Autumn Kuhn', 'Veritatis nihil ab beatae quas voluptatibus odio. Asperiores iusto et temporibus tempore consectetur. Quas laborum omnis illum eveniet.', '3', '2018-07-04 20:27:03', '2018-07-04 20:27:03');
INSERT INTO `reviews` VALUES ('69', '11', 'Maynard Cruickshank', 'Cum atque quas inventore laboriosam et voluptatum. Earum possimus est quia est nam saepe consequuntur. Deleniti est consequuntur qui enim sunt eligendi fugiat. Totam cum occaecati iste eveniet nesciunt inventore.', '0', '2018-07-04 20:27:03', '2018-07-04 20:27:03');
INSERT INTO `reviews` VALUES ('70', '23', 'Prof. Candido Thompson I', 'Culpa aliquid non laudantium deleniti ut. Aut nisi aspernatur quos maxime voluptas et vel. In quo voluptates quisquam rem laboriosam reprehenderit pariatur. Minima corporis et impedit enim quia non. Deserunt in est qui reiciendis recusandae id.', '2', '2018-07-04 20:27:03', '2018-07-04 20:27:03');
INSERT INTO `reviews` VALUES ('71', '13', 'Waldo Hirthe', 'Perferendis aut esse ea sunt officia excepturi voluptatem dicta. Voluptatem neque rerum quisquam laborum eos.', '1', '2018-07-04 20:27:03', '2018-07-04 20:27:03');
INSERT INTO `reviews` VALUES ('72', '13', 'Dr. Jameson Johnston MD', 'Accusantium vitae et nihil eligendi. Est incidunt necessitatibus dicta culpa quia illo. In necessitatibus quis debitis libero natus.', '4', '2018-07-04 20:27:03', '2018-07-04 20:27:03');
INSERT INTO `reviews` VALUES ('73', '11', 'Linda Kuhn II', 'Officia nobis laudantium totam nobis. Sed voluptatem molestias a voluptatum omnis. Qui reprehenderit velit nisi quas qui fugit. Eveniet ut est cum omnis corporis.', '2', '2018-07-04 20:27:03', '2018-07-04 20:27:03');
INSERT INTO `reviews` VALUES ('74', '17', 'Dr. Ewell Keeling', 'Fugit minus iste nisi. Amet tempora porro et nemo aliquam non. Magni illum et aut architecto amet et.', '3', '2018-07-04 20:27:03', '2018-07-04 20:27:03');
INSERT INTO `reviews` VALUES ('75', '4', 'Prof. Muriel Paucek', 'Quam est unde corporis. Incidunt earum et provident. Molestias eos dolores doloremque autem aut consequatur ratione.', '0', '2018-07-04 20:27:03', '2018-07-04 20:27:03');
INSERT INTO `reviews` VALUES ('76', '14', 'Zakary Hyatt', 'Architecto nemo enim aut accusamus sint. Voluptates incidunt laudantium temporibus laborum dolorem tempora. In modi nam illo et voluptatem vero. Odio omnis inventore id fugit minus est.', '5', '2018-07-04 20:27:03', '2018-07-04 20:27:03');
INSERT INTO `reviews` VALUES ('77', '34', 'Bennie Daniel', 'Dolores cumque inventore et sit sunt occaecati. Quas aspernatur expedita ad soluta reiciendis quam et. Nihil consectetur deleniti fuga repudiandae enim.', '5', '2018-07-04 20:27:03', '2018-07-04 20:27:03');
INSERT INTO `reviews` VALUES ('78', '4', 'Prof. Brain Daugherty', 'Tempora repudiandae itaque delectus rerum ut. Id eius quaerat est porro aut a at. Nesciunt magni distinctio cupiditate veniam id. Soluta minima rerum velit pariatur voluptatem.', '1', '2018-07-04 20:27:03', '2018-07-04 20:27:03');
INSERT INTO `reviews` VALUES ('79', '2', 'Cierra Franecki', 'Ut consectetur non aut accusantium. Ut quasi eveniet aut a. Perferendis id provident repellendus. Iste eius ducimus iusto.', '5', '2018-07-04 20:27:03', '2018-07-04 20:27:03');
INSERT INTO `reviews` VALUES ('80', '35', 'Lila Torp', 'Qui culpa occaecati sit natus qui est. Ut sed fuga recusandae voluptatem libero beatae quis. Sint soluta non doloremque. Dolorem delectus illum maxime quidem quos fugiat.', '1', '2018-07-04 20:27:03', '2018-07-04 20:27:03');
INSERT INTO `reviews` VALUES ('81', '5', 'Prof. Ivah Howell', 'Voluptatem est qui quis. Officia quia et quae. Eos voluptas rerum consequuntur sed eum.', '0', '2018-07-04 20:27:04', '2018-07-04 20:27:04');
INSERT INTO `reviews` VALUES ('82', '35', 'Abby Bartoletti', 'Qui commodi aliquid ab placeat. Exercitationem earum error accusamus eos dolores et. Minus ut voluptate corrupti beatae. Ipsa et vitae fuga quam delectus voluptas.', '2', '2018-07-04 20:27:04', '2018-07-04 20:27:04');
INSERT INTO `reviews` VALUES ('83', '6', 'Prof. Joshuah Anderson', 'Nam sed consequuntur sit eligendi. Ratione quasi ut eos nisi dolorem.', '4', '2018-07-04 20:27:04', '2018-07-04 20:27:04');
INSERT INTO `reviews` VALUES ('84', '1', 'Ashley Hayes', 'Veniam velit explicabo numquam facilis repellat molestiae. Minus alias amet est voluptas consequatur quam sunt. Sint temporibus quisquam fuga odit et qui porro.', '4', '2018-07-04 20:27:04', '2018-07-04 20:27:04');
INSERT INTO `reviews` VALUES ('85', '24', 'Rosalind West', 'Voluptatem exercitationem quisquam natus voluptates. Molestiae excepturi fugit ab et officiis. Modi minus non id cum ut qui. Adipisci molestias in dolores asperiores alias deleniti quis.', '5', '2018-07-04 20:27:04', '2018-07-04 20:27:04');
INSERT INTO `reviews` VALUES ('86', '20', 'Jaida Yost', 'Veniam optio nihil quia alias est. Quis autem quia porro commodi exercitationem ducimus. Pariatur ipsam qui voluptatem similique saepe sint.', '0', '2018-07-04 20:27:04', '2018-07-04 20:27:04');
INSERT INTO `reviews` VALUES ('87', '8', 'Jayne Hickle', 'Esse ducimus qui ducimus nesciunt nihil. Consequuntur debitis quasi est fuga. Optio est quaerat asperiores officiis consequatur autem autem deserunt.', '3', '2018-07-04 20:27:04', '2018-07-04 20:27:04');
INSERT INTO `reviews` VALUES ('88', '31', 'Mr. Maverick Gibson Jr.', 'Nihil explicabo quibusdam eius illum. Quidem ratione aspernatur eveniet excepturi. Excepturi vero tempore ea non expedita quam. Voluptatem laboriosam commodi quibusdam eum.', '4', '2018-07-04 20:27:04', '2018-07-04 20:27:04');
INSERT INTO `reviews` VALUES ('89', '16', 'Katrine Jones IV', 'Vero labore omnis voluptates voluptates. Voluptates inventore accusamus modi qui. Quia dignissimos ducimus et et magni facere corrupti. Est voluptatem est suscipit eos et sed quidem ut.', '0', '2018-07-04 20:27:04', '2018-07-04 20:27:04');
INSERT INTO `reviews` VALUES ('90', '46', 'Billie Cronin', 'Recusandae occaecati explicabo facilis tempora quia debitis. Ut ipsum alias sunt quaerat vitae commodi. Error optio sequi minus officia.', '5', '2018-07-04 20:27:04', '2018-07-04 20:27:04');
INSERT INTO `reviews` VALUES ('91', '28', 'Ms. Brandyn Hilpert', 'Facilis eius quia ex non dolor nam. Qui qui eaque voluptatem id sed. Eveniet laboriosam harum architecto officiis. Incidunt in omnis tenetur expedita delectus autem.', '2', '2018-07-04 20:27:04', '2018-07-04 20:27:04');
INSERT INTO `reviews` VALUES ('92', '45', 'Mr. Jamar Beatty V', 'Exercitationem debitis aut laudantium cum ratione voluptatem fugit doloribus. Occaecati accusantium repellat et ex eveniet dignissimos. Sed sint accusamus sed. Ex modi similique et qui ipsa.', '2', '2018-07-04 20:27:04', '2018-07-04 20:27:04');
INSERT INTO `reviews` VALUES ('93', '45', 'Ms. Genesis Lesch IV', 'Sed nulla et odit et voluptatem. Qui repellat iste velit. Illo animi voluptas natus mollitia unde explicabo.', '2', '2018-07-04 20:27:04', '2018-07-04 20:27:04');
INSERT INTO `reviews` VALUES ('94', '48', 'Dr. Melissa Sanford IV', 'Ut non quibusdam laborum blanditiis velit deleniti odit. Et est laudantium blanditiis dignissimos maiores aliquam aut quaerat. Possimus id atque iste modi laboriosam sed necessitatibus. Quo id libero doloremque ut eum.', '3', '2018-07-04 20:27:04', '2018-07-04 20:27:04');
INSERT INTO `reviews` VALUES ('95', '38', 'Dr. Will Stamm DVM', 'Sed mollitia suscipit fugiat aut tempore deserunt. Architecto veniam aperiam autem distinctio unde. Commodi et nesciunt enim quaerat sit nostrum.', '4', '2018-07-04 20:27:04', '2018-07-04 20:27:04');
INSERT INTO `reviews` VALUES ('96', '19', 'Erik Murray', 'Distinctio dolorum rerum non id. Iure delectus nihil eligendi eveniet consequuntur nisi vero. Voluptatem aut eos molestiae voluptatem quas voluptatum.', '4', '2018-07-04 20:27:04', '2018-07-04 20:27:04');
INSERT INTO `reviews` VALUES ('97', '12', 'Prof. Penelope Cummings', 'Corrupti voluptatum praesentium id repellat qui ut aspernatur temporibus. Sapiente veritatis reiciendis suscipit mollitia sunt adipisci libero. Dolor qui non omnis adipisci praesentium quo quos vel.', '3', '2018-07-04 20:27:04', '2018-07-04 20:27:04');
INSERT INTO `reviews` VALUES ('98', '38', 'Frederique O\'Connell DVM', 'Quas iure distinctio non qui aut sed voluptatibus. Dolorem perferendis non sit ducimus totam. Omnis suscipit et placeat.', '1', '2018-07-04 20:27:04', '2018-07-04 20:27:04');
INSERT INTO `reviews` VALUES ('99', '46', 'Lora Heathcote', 'Et omnis qui nesciunt et et sit. Iusto ex aut esse sit.', '4', '2018-07-04 20:27:05', '2018-07-04 20:27:05');
INSERT INTO `reviews` VALUES ('100', '27', 'Prof. Ora McGlynn', 'Aperiam quisquam amet provident et sed consectetur et. Harum consectetur impedit magnam minus eligendi. Deleniti consequatur voluptas ab accusantium sint consequatur praesentium. Facere corrupti omnis et sunt tempora tempora. In doloremque qui optio hic facere asperiores laborum.', '4', '2018-07-04 20:27:05', '2018-07-04 20:27:05');
INSERT INTO `reviews` VALUES ('101', '8', 'Wilfred Gottlieb III', 'Voluptate et consequatur rerum eveniet aut quidem. Ea qui cumque excepturi delectus consequatur. Ut rerum sint explicabo voluptas aspernatur voluptatum non.', '0', '2018-07-04 20:27:05', '2018-07-04 20:27:05');
INSERT INTO `reviews` VALUES ('102', '9', 'Alverta Barton', 'Iure optio et ab quam. Possimus sed a amet voluptas est et eum nulla. Voluptates ut doloribus officiis pariatur omnis at.', '2', '2018-07-04 20:27:05', '2018-07-04 20:27:05');
INSERT INTO `reviews` VALUES ('103', '19', 'Dr. Fernando Erdman V', 'Quia qui eveniet ipsam nam eveniet. Hic voluptas autem nostrum non ad ullam fuga. Possimus ut voluptatem ut sit rerum id quo.', '1', '2018-07-04 20:27:05', '2018-07-04 20:27:05');
INSERT INTO `reviews` VALUES ('104', '23', 'Prof. Wilma Jaskolski DDS', 'Porro sed ut corporis dolores qui. In eum modi dolor temporibus.', '5', '2018-07-04 20:27:05', '2018-07-04 20:27:05');
INSERT INTO `reviews` VALUES ('105', '41', 'Don Kerluke V', 'Et quia sunt doloribus ut aut eum officiis. Porro minima voluptatibus expedita molestiae quisquam voluptatem omnis. Est facere enim cumque cupiditate mollitia. Rem est qui quis voluptatum maxime sed.', '1', '2018-07-04 20:27:05', '2018-07-04 20:27:05');
INSERT INTO `reviews` VALUES ('106', '33', 'Ms. Susanna Borer I', 'Quia qui at velit nihil ut deleniti. Aliquid eos voluptatibus aut eligendi et fugiat eligendi. Est ut perferendis fugit cumque excepturi.', '0', '2018-07-04 20:27:05', '2018-07-04 20:27:05');
INSERT INTO `reviews` VALUES ('107', '49', 'Miss Rahsaan Labadie Jr.', 'Et et iusto voluptatem doloremque. Est neque asperiores unde enim. Harum modi omnis non eius natus sit et. Numquam nobis qui fugit qui veniam architecto repellendus.', '1', '2018-07-04 20:27:05', '2018-07-04 20:27:05');
INSERT INTO `reviews` VALUES ('108', '43', 'Prof. Percy Wisoky', 'Beatae corrupti doloribus vitae optio est. Ad temporibus iste ipsum nihil. Non id nulla ea ut molestiae.', '1', '2018-07-04 20:27:05', '2018-07-04 20:27:05');
INSERT INTO `reviews` VALUES ('109', '28', 'Reece Douglas', 'Asperiores quo repudiandae facilis voluptate rerum. Rem et incidunt beatae alias consequatur. Quidem velit qui necessitatibus non quos. Est eligendi necessitatibus et.', '3', '2018-07-04 20:27:05', '2018-07-04 20:27:05');
INSERT INTO `reviews` VALUES ('110', '38', 'Mrs. Sabina Mayer', 'Pariatur dolorem consequuntur fuga voluptatem. Facilis non molestias est voluptas dicta consequatur sed nobis. Deserunt ex dolores unde autem accusantium ad ipsa.', '4', '2018-07-04 20:27:05', '2018-07-04 20:27:05');
INSERT INTO `reviews` VALUES ('111', '14', 'Leonard Grimes', 'Rerum cum quibusdam ea accusantium ut aut beatae. Enim placeat unde possimus quam sapiente adipisci dolorem. Fugiat officiis animi quia voluptas est officia.', '3', '2018-07-04 20:27:06', '2018-07-04 20:27:06');
INSERT INTO `reviews` VALUES ('112', '32', 'Dr. Corine Koepp PhD', 'Voluptatem deleniti et maxime. Autem architecto eligendi quas aspernatur corrupti. Amet magni quod perspiciatis cumque.', '1', '2018-07-04 20:27:06', '2018-07-04 20:27:06');
INSERT INTO `reviews` VALUES ('113', '3', 'Miss Ashleigh Maggio V', 'Corporis nihil qui rerum mollitia modi et. Qui eos placeat fugiat provident dignissimos tempora velit. Ipsa aut et tempore ullam.', '5', '2018-07-04 20:27:06', '2018-07-04 20:27:06');
INSERT INTO `reviews` VALUES ('114', '17', 'Maryse Gaylord V', 'Est eveniet beatae minima magnam officiis debitis. Possimus dolor dignissimos qui ea. Expedita itaque sed totam.', '1', '2018-07-04 20:27:06', '2018-07-04 20:27:06');
INSERT INTO `reviews` VALUES ('115', '5', 'Rosella Bartell II', 'Repellat sunt ducimus temporibus maiores consequatur. Expedita et inventore qui minima assumenda. Vero et suscipit et sunt ipsum soluta et. Corporis dignissimos illum hic cupiditate aut fugit. Ex laborum eos sint esse.', '4', '2018-07-04 20:27:06', '2018-07-04 20:27:06');
INSERT INTO `reviews` VALUES ('116', '29', 'Mr. Brendon Bednar I', 'Ut perferendis tenetur consectetur. Sint quaerat dolorum vel assumenda voluptatem. Ipsam qui cum nulla aut totam. Dolor sit corporis et ea libero. Repudiandae harum non quam aut autem neque necessitatibus.', '2', '2018-07-04 20:27:06', '2018-07-04 20:27:06');
INSERT INTO `reviews` VALUES ('117', '8', 'Dr. Maxwell Auer', 'Facere alias qui corporis natus. Quod error animi sed iste perferendis illum reprehenderit. Laborum porro odit dolorum.', '3', '2018-07-04 20:27:06', '2018-07-04 20:27:06');
INSERT INTO `reviews` VALUES ('118', '18', 'Maggie Hayes', 'Mollitia vel officia quasi ut ipsam aspernatur eaque dolores. Et at tempore est aut. Quia aspernatur hic omnis.', '2', '2018-07-04 20:27:06', '2018-07-04 20:27:06');
INSERT INTO `reviews` VALUES ('119', '4', 'Rashawn Dietrich', 'Non fugiat ut delectus est aliquam repellendus consequatur porro. Sint culpa unde est totam reprehenderit incidunt qui voluptatem. Eius aut repudiandae et exercitationem eos voluptates cumque magni.', '2', '2018-07-04 20:27:06', '2018-07-04 20:27:06');
INSERT INTO `reviews` VALUES ('120', '8', 'Kayli Dibbert', 'Voluptate excepturi eum quis quo qui nostrum. Aliquid voluptatum temporibus rerum unde sit et temporibus. Occaecati dicta non voluptatem nemo eveniet non ut ipsa.', '5', '2018-07-04 20:27:06', '2018-07-04 20:27:06');
INSERT INTO `reviews` VALUES ('121', '3', 'Prof. Makenna Strosin Jr.', 'Quae dignissimos aspernatur ut. Ut voluptas nulla voluptatem corrupti tempore rerum possimus. Nemo odit consequuntur quo et harum numquam aut sit.', '1', '2018-07-04 20:27:06', '2018-07-04 20:27:06');
INSERT INTO `reviews` VALUES ('122', '16', 'Mrs. Anna Miller', 'Beatae porro eos ut repellat est possimus. Qui aut odit culpa. Quisquam perferendis qui ratione hic qui est.', '1', '2018-07-04 20:27:06', '2018-07-04 20:27:06');
INSERT INTO `reviews` VALUES ('123', '19', 'Zita Legros', 'Ut dignissimos officia est quia. Est omnis ut vel facere quidem odit. Occaecati minus quis dignissimos quisquam ab.', '5', '2018-07-04 20:27:06', '2018-07-04 20:27:06');
INSERT INTO `reviews` VALUES ('124', '26', 'Hal Wolf', 'Eum iure at dignissimos vero sed quia porro. Dolorem consequuntur omnis assumenda illum totam non. Adipisci nihil iure aliquam repudiandae saepe aut.', '5', '2018-07-04 20:27:06', '2018-07-04 20:27:06');
INSERT INTO `reviews` VALUES ('125', '21', 'Ms. Duane Harvey IV', 'Est voluptas nisi perspiciatis. Dicta eos quia odio nam omnis voluptatibus. Et itaque nobis ab aut ipsum doloribus sint nostrum. Voluptates velit et dolore modi omnis asperiores. Vel rem in vero alias cupiditate.', '0', '2018-07-04 20:27:06', '2018-07-04 20:27:06');
INSERT INTO `reviews` VALUES ('126', '37', 'Shane Hudson', 'Similique dolore aut dolore minima. Aut voluptatibus voluptas aut perferendis in. Iusto ut sed voluptatem eum ratione. Dolor ea necessitatibus architecto ut earum ratione tempore.', '3', '2018-07-04 20:27:06', '2018-07-04 20:27:06');
INSERT INTO `reviews` VALUES ('127', '20', 'Grady Pollich', 'Est ipsam enim blanditiis tempora reiciendis. Pariatur enim et rerum debitis eius laboriosam. Sunt rerum voluptatem quo sed aliquid et voluptatem. Voluptatem reiciendis enim est et.', '0', '2018-07-04 20:27:06', '2018-07-04 20:27:06');
INSERT INTO `reviews` VALUES ('128', '13', 'Mr. Cleveland Franecki', 'Et omnis quibusdam amet temporibus voluptatum deserunt iure. Ut et id cum dicta quia. Praesentium fugit nihil sed et.', '3', '2018-07-04 20:27:06', '2018-07-04 20:27:06');
INSERT INTO `reviews` VALUES ('129', '2', 'Murl Considine', 'Ut voluptatem neque dolorem omnis est. Voluptates doloribus ullam tenetur qui. Amet ut id nostrum quidem similique ullam. Consectetur sit ut corporis omnis.', '2', '2018-07-04 20:27:06', '2018-07-04 20:27:06');
INSERT INTO `reviews` VALUES ('130', '4', 'Noemi Vandervort II', 'Molestiae quasi saepe aut. Nam quo nostrum iure vel quo enim. Culpa consequatur ab exercitationem aliquid maiores est assumenda. Sint nihil ut quaerat ipsa est sint eum fugiat.', '0', '2018-07-04 20:27:06', '2018-07-04 20:27:06');
INSERT INTO `reviews` VALUES ('131', '8', 'Marie Hayes', 'Enim facilis et voluptas iste nihil vero veniam. Non commodi dolores eum eum id esse. Et officiis optio quia atque.', '2', '2018-07-04 20:27:06', '2018-07-04 20:27:06');
INSERT INTO `reviews` VALUES ('132', '27', 'Amiya Zboncak', 'Consequuntur nihil est culpa quos culpa reiciendis dicta. Distinctio aut qui quisquam quia sit. Reiciendis est corporis odit voluptatem qui autem rerum ipsa. Impedit repellendus enim iure iste. Est sapiente temporibus aut.', '4', '2018-07-04 20:27:06', '2018-07-04 20:27:06');
INSERT INTO `reviews` VALUES ('133', '47', 'Ms. Sydnee Swift', 'Animi dignissimos repellendus dignissimos blanditiis molestias. Repudiandae sint voluptas hic quia. Sapiente doloribus aut voluptatem.', '1', '2018-07-04 20:27:06', '2018-07-04 20:27:06');
INSERT INTO `reviews` VALUES ('134', '21', 'Rosanna Schultz', 'Quia et reprehenderit iste voluptates et. Quae quisquam dolores consequuntur occaecati voluptas molestias facilis. Error odio quibusdam dolores nemo at quia maxime voluptatem. Et explicabo velit quia.', '2', '2018-07-04 20:27:06', '2018-07-04 20:27:06');
INSERT INTO `reviews` VALUES ('135', '1', 'Prof. Estefania Hills', 'Doloribus accusantium et et fugit est qui et nulla. Doloremque illum labore eveniet iste. Aperiam provident rerum eum totam repudiandae quod.', '4', '2018-07-04 20:27:06', '2018-07-04 20:27:06');
INSERT INTO `reviews` VALUES ('136', '35', 'Zander Emard', 'Beatae et deserunt dolores doloribus. Reprehenderit ratione reprehenderit earum tenetur officia praesentium. Eveniet ipsum earum beatae quia vero. Animi non commodi sint reiciendis.', '2', '2018-07-04 20:27:06', '2018-07-04 20:27:06');
INSERT INTO `reviews` VALUES ('137', '23', 'Evangeline Connelly', 'Ut dolorem cupiditate in ipsum est dolor dicta. Dicta ut laboriosam laborum consequatur dicta odit. Quo nostrum alias accusantium laborum. Perferendis quia facilis est dolorum tempore voluptatem.', '2', '2018-07-04 20:27:07', '2018-07-04 20:27:07');
INSERT INTO `reviews` VALUES ('138', '48', 'Sanford Kunde I', 'Aut vitae doloribus id non explicabo enim dignissimos. Consequatur aliquam quasi voluptatem blanditiis. Nostrum sed cumque veniam maxime aliquam excepturi corrupti. Aut blanditiis est in ea.', '3', '2018-07-04 20:27:07', '2018-07-04 20:27:07');
INSERT INTO `reviews` VALUES ('139', '17', 'Dr. Fernando Mayert', 'Dolores ea velit autem nostrum distinctio voluptatem vel. Nihil molestias rerum est voluptates. Excepturi reprehenderit non est est et. Iste quia reiciendis est quisquam accusantium.', '1', '2018-07-04 20:27:07', '2018-07-04 20:27:07');
INSERT INTO `reviews` VALUES ('140', '33', 'Gerda Klein', 'Ratione eligendi ratione rem similique voluptas. Laborum reprehenderit temporibus veniam mollitia et eveniet. Optio consequatur qui occaecati qui voluptatem atque. Amet sit et beatae.', '4', '2018-07-04 20:27:07', '2018-07-04 20:27:07');
INSERT INTO `reviews` VALUES ('141', '21', 'Dr. Timmy Hegmann', 'Magnam mollitia ratione eos ullam corporis. Sequi alias est et excepturi. Facere blanditiis aut unde et provident ipsa.', '1', '2018-07-04 20:27:07', '2018-07-04 20:27:07');
INSERT INTO `reviews` VALUES ('142', '7', 'Candelario Lebsack', 'Nihil repellat iste et cupiditate dolores. Iusto non sit id praesentium. Corrupti aut omnis aperiam dolorem repellat. Nostrum quae inventore quia omnis consectetur sit. Voluptatibus tenetur est in dolore illum et rem.', '0', '2018-07-04 20:27:07', '2018-07-04 20:27:07');
INSERT INTO `reviews` VALUES ('143', '46', 'Deshawn Kuvalis', 'Non nihil a voluptatem enim dolor et. Culpa vel illum quos debitis consequuntur voluptas sed sed. Est vel omnis doloremque autem voluptatem. Pariatur sequi inventore ut voluptatibus.', '5', '2018-07-04 20:27:07', '2018-07-04 20:27:07');
INSERT INTO `reviews` VALUES ('144', '30', 'Rylee Kub', 'Sint quo ullam sed qui quasi. Aut totam hic aut atque reprehenderit. Suscipit maiores explicabo animi placeat ex.', '4', '2018-07-04 20:27:07', '2018-07-04 20:27:07');
INSERT INTO `reviews` VALUES ('145', '48', 'Mrs. Fabiola Kuvalis V', 'Fuga eius natus et cum autem voluptas. Reprehenderit modi ducimus consequatur nihil rerum laudantium nihil. Illum consequatur minima et dolor ab. Vel aliquam minus consequatur eveniet numquam quo at.', '1', '2018-07-04 20:27:07', '2018-07-04 20:27:07');
INSERT INTO `reviews` VALUES ('146', '50', 'Prof. Moses Von', 'Quo qui atque est tempore tempore in a. Dicta dolorem ab facilis excepturi rerum. Neque nihil fugit ipsum ut est et aut.', '0', '2018-07-04 20:27:07', '2018-07-04 20:27:07');
INSERT INTO `reviews` VALUES ('147', '42', 'Dr. Lorna Legros DDS', 'Reprehenderit reiciendis quo at qui. Sint consequuntur aut aut et sequi dolorem soluta. Ut ea voluptate minus dolorem assumenda exercitationem et nulla. Illum qui consequatur ducimus exercitationem.', '0', '2018-07-04 20:27:07', '2018-07-04 20:27:07');
INSERT INTO `reviews` VALUES ('148', '10', 'Ms. Viviane Flatley', 'Aut sit mollitia architecto tempore excepturi. Quia quia voluptate vitae laudantium. Voluptas tempore et eos aspernatur. Ut eveniet quasi ad expedita.', '0', '2018-07-04 20:27:07', '2018-07-04 20:27:07');
INSERT INTO `reviews` VALUES ('149', '36', 'Eleonore Dietrich', 'Fuga voluptatem sit hic sunt reprehenderit ipsa rerum nulla. Eius voluptatem fugit illo dolor aliquid omnis. Doloremque et distinctio quo quia sequi consequuntur at. Veniam rerum pariatur qui numquam non debitis sed.', '4', '2018-07-04 20:27:07', '2018-07-04 20:27:07');
INSERT INTO `reviews` VALUES ('150', '14', 'Kory Grady', 'Ipsa atque iste praesentium soluta ratione vel impedit placeat. Ea nam qui dignissimos sapiente architecto. Tempore aperiam quod ex sed ea sint.', '3', '2018-07-04 20:27:07', '2018-07-04 20:27:07');
INSERT INTO `reviews` VALUES ('151', '38', 'Dr. Katlyn Lubowitz II', 'Et sint doloremque voluptatem error molestiae ratione facere repellat. Distinctio numquam aliquid unde libero. Quia consequatur sit omnis cumque eveniet qui omnis molestiae.', '0', '2018-07-04 20:27:07', '2018-07-04 20:27:07');
INSERT INTO `reviews` VALUES ('152', '9', 'Blaze VonRueden Jr.', 'Quibusdam rem tenetur enim suscipit. Expedita itaque eveniet reprehenderit quos quod nobis sed provident. Rem voluptate dolore ut qui. Eius asperiores consectetur dolorem sapiente porro eius reprehenderit.', '5', '2018-07-04 20:27:07', '2018-07-04 20:27:07');
INSERT INTO `reviews` VALUES ('153', '5', 'Timmothy Tillman', 'Repellendus porro vel sit quam tenetur eius omnis enim. Repudiandae voluptatem nesciunt amet et. Cupiditate vel porro laborum quia corrupti ea sunt deleniti. Incidunt consectetur reiciendis aut tempora impedit unde.', '4', '2018-07-04 20:27:07', '2018-07-04 20:27:07');
INSERT INTO `reviews` VALUES ('154', '28', 'Florian Walker II', 'Nemo veniam neque necessitatibus officia impedit voluptas. Modi exercitationem culpa laudantium. Ut ipsam et odit.', '3', '2018-07-04 20:27:07', '2018-07-04 20:27:07');
INSERT INTO `reviews` VALUES ('155', '34', 'Genesis Weimann', 'Molestiae nihil quis suscipit numquam beatae modi facilis. Ea recusandae quam nisi eos ducimus amet.', '3', '2018-07-04 20:27:07', '2018-07-04 20:27:07');
INSERT INTO `reviews` VALUES ('156', '42', 'Juanita O\'Kon', 'Iusto placeat et sed rerum impedit illum sapiente architecto. Quasi eos perspiciatis molestiae sit est quo. Voluptatem illum dolorem quae velit qui ad fugit. In veniam ab distinctio nihil.', '5', '2018-07-04 20:27:07', '2018-07-04 20:27:07');
INSERT INTO `reviews` VALUES ('157', '43', 'Mr. Frank Runolfsdottir II', 'Inventore perspiciatis incidunt similique ipsa. Nesciunt voluptatem adipisci esse et officia a. Ut dolores ut illo in aut consequuntur. Est dolor eaque explicabo suscipit consectetur suscipit.', '3', '2018-07-04 20:27:07', '2018-07-04 20:27:07');
INSERT INTO `reviews` VALUES ('158', '18', 'Prof. Citlalli Rutherford II', 'Dolorem tempora saepe qui placeat repudiandae tempora eos. Quis inventore eos consectetur fuga corrupti error ut. Quaerat voluptate voluptates aspernatur rem culpa architecto aut.', '5', '2018-07-04 20:27:07', '2018-07-04 20:27:07');
INSERT INTO `reviews` VALUES ('159', '9', 'Marie Cartwright', 'In sapiente repellat quasi voluptatum quam nihil accusantium sit. Voluptatem voluptatem reprehenderit ea quo sint rerum odio. Quas vel necessitatibus cupiditate harum laborum nemo soluta.', '4', '2018-07-04 20:27:08', '2018-07-04 20:27:08');
INSERT INTO `reviews` VALUES ('160', '11', 'Dr. Ike Schmeler', 'Ut excepturi illo in dicta et. Iste repellendus possimus saepe est. Non delectus illum dicta.', '1', '2018-07-04 20:27:08', '2018-07-04 20:27:08');
INSERT INTO `reviews` VALUES ('161', '34', 'Kelton Rowe', 'Placeat vitae dicta esse eos. Quis aut explicabo temporibus voluptatem quaerat ut voluptate. Voluptas pariatur porro fugiat sint molestias. Illum est voluptatibus et earum.', '0', '2018-07-04 20:27:08', '2018-07-04 20:27:08');
INSERT INTO `reviews` VALUES ('162', '40', 'Jules Reinger', 'Ea atque explicabo et excepturi et eligendi quod. Beatae aut quas labore dolore nobis. Veritatis deleniti tenetur sint quisquam vel ab ab.', '4', '2018-07-04 20:27:08', '2018-07-04 20:27:08');
INSERT INTO `reviews` VALUES ('163', '23', 'Jacinto Wilderman', 'Omnis quo itaque tempora rerum. Qui velit tenetur sapiente maiores impedit. Magnam repellendus voluptatibus veritatis et eligendi ea. Optio consectetur non ut ut voluptas.', '3', '2018-07-04 20:27:08', '2018-07-04 20:27:08');
INSERT INTO `reviews` VALUES ('164', '32', 'Ms. Hanna Stiedemann DDS', 'Est incidunt nam voluptates quasi accusamus temporibus. Sit consequuntur molestiae tenetur doloribus reiciendis. Facere minus atque voluptatum facere hic. Rerum fugit quae eaque cumque occaecati.', '2', '2018-07-04 20:27:08', '2018-07-04 20:27:08');
INSERT INTO `reviews` VALUES ('165', '22', 'Dr. Royal Gutkowski', 'Quisquam recusandae voluptatem consequatur odit amet nisi. Dicta enim dolor sed cumque aut aut corporis quaerat. Modi tempora magnam libero dicta unde.', '1', '2018-07-04 20:27:08', '2018-07-04 20:27:08');
INSERT INTO `reviews` VALUES ('166', '37', 'Augustine Schneider', 'Quia est itaque id tempore aut. Magnam minima quisquam amet consequatur dicta impedit quia. Omnis nostrum voluptatem sunt officiis et.', '3', '2018-07-04 20:27:08', '2018-07-04 20:27:08');
INSERT INTO `reviews` VALUES ('167', '25', 'Jessica Carter III', 'Commodi ipsam neque dolor ea tenetur ut vel rerum. Tempora qui autem non veritatis quo voluptatibus. Quo minus dolores veniam omnis quibusdam.', '3', '2018-07-04 20:27:08', '2018-07-04 20:27:08');
INSERT INTO `reviews` VALUES ('168', '15', 'Verda Satterfield', 'Modi deleniti non eos doloremque nisi. Facilis eveniet ipsa accusantium necessitatibus earum nihil qui. Aliquam dolor consequatur et necessitatibus suscipit. Ducimus quo quibusdam facere sit dolore ut excepturi et.', '1', '2018-07-04 20:27:08', '2018-07-04 20:27:08');
INSERT INTO `reviews` VALUES ('169', '31', 'Prof. Jerald McClure', 'Ea non natus et provident. Iste sed eligendi sed expedita dolores quia. Quis rerum harum qui consectetur dolorum pariatur distinctio excepturi. Saepe rerum maiores dolor minus magni eius quidem.', '3', '2018-07-04 20:27:08', '2018-07-04 20:27:08');
INSERT INTO `reviews` VALUES ('170', '49', 'Julio Carter', 'Saepe laborum et ea similique. Facilis minima fuga quia et esse autem. Sed aut quia id est illo sint. Voluptates atque quos consequuntur iste nisi.', '0', '2018-07-04 20:27:08', '2018-07-04 20:27:08');
INSERT INTO `reviews` VALUES ('171', '36', 'Verla Donnelly', 'Consequatur ipsum in earum aut nemo rem dolorem aut. Ut vero aut maiores ratione cumque quas. Similique error dolore nihil quas enim sed enim.', '5', '2018-07-04 20:27:08', '2018-07-04 20:27:08');
INSERT INTO `reviews` VALUES ('172', '38', 'Mr. Adolph Green V', 'Est aut quidem voluptatem odit laboriosam. Modi voluptate omnis id laborum omnis aliquam.', '3', '2018-07-04 20:27:08', '2018-07-04 20:27:08');
INSERT INTO `reviews` VALUES ('173', '32', 'Ned Runolfsdottir', 'Minus eos dolor eveniet. Dolores est aut ad neque. Ut perferendis neque temporibus corporis commodi corrupti consequatur.', '4', '2018-07-04 20:27:08', '2018-07-04 20:27:08');
INSERT INTO `reviews` VALUES ('174', '11', 'Fabiola Schulist', 'Architecto sed illum dolore minima sed. Eum eos deserunt sit totam. Id harum qui perferendis blanditiis eum minima ad. Rerum reprehenderit odit consectetur laboriosam et quasi.', '5', '2018-07-04 20:27:08', '2018-07-04 20:27:08');
INSERT INTO `reviews` VALUES ('175', '1', 'Prof. Orville Stracke V', 'Assumenda dolorum similique inventore. In qui voluptas sapiente corrupti vel laudantium optio.', '1', '2018-07-04 20:27:08', '2018-07-04 20:27:08');
INSERT INTO `reviews` VALUES ('176', '4', 'Dr. Marcel O\'Connell DVM', 'Illum omnis nihil asperiores velit hic voluptatem et. Rerum animi dolorem exercitationem ut ut ipsum. Error rerum neque exercitationem. Similique cupiditate doloremque non similique quaerat possimus nesciunt.', '4', '2018-07-04 20:27:08', '2018-07-04 20:27:08');
INSERT INTO `reviews` VALUES ('177', '48', 'Neva Bergstrom PhD', 'Fugit dolore ratione minima veniam dolorum quia. Ipsam distinctio sit consectetur nemo qui ut necessitatibus. Nihil deleniti est vero et. Recusandae inventore eum ut distinctio nihil. Facere vitae non id vero iure saepe.', '4', '2018-07-04 20:27:08', '2018-07-04 20:27:08');
INSERT INTO `reviews` VALUES ('178', '27', 'Dulce Hilpert I', 'Quia quae ad magnam quod nostrum magnam. Nam perferendis assumenda minus qui sed quas. Quidem velit a quia laudantium officia ut ipsam. Natus nisi eos ea ut dignissimos.', '3', '2018-07-04 20:27:08', '2018-07-04 20:27:08');
INSERT INTO `reviews` VALUES ('179', '41', 'Lloyd Corkery', 'Necessitatibus voluptatem iste cum qui velit. Repellat et enim voluptas voluptate. Qui iure accusamus ut delectus earum alias.', '2', '2018-07-04 20:27:08', '2018-07-04 20:27:08');
INSERT INTO `reviews` VALUES ('180', '32', 'Dr. Salma Lindgren I', 'Et aut ea totam minus ut ad consequatur. Qui quia distinctio vero sunt aliquid quam praesentium.', '0', '2018-07-04 20:27:08', '2018-07-04 20:27:08');
INSERT INTO `reviews` VALUES ('181', '33', 'Estella Hartmann', 'Tempore quia minima fugit eos ut. Eligendi vero necessitatibus et alias voluptas.', '2', '2018-07-04 20:27:08', '2018-07-04 20:27:08');
INSERT INTO `reviews` VALUES ('182', '14', 'Miss Marjolaine Braun V', 'Aut et possimus molestiae quos. Laudantium consequatur sunt quo natus. Nisi dolores iste ipsa itaque.', '0', '2018-07-04 20:27:08', '2018-07-04 20:27:08');
INSERT INTO `reviews` VALUES ('183', '34', 'Ms. Daisy Effertz', 'Reiciendis et hic consequatur laborum voluptas tempore culpa. Accusantium cumque ex molestiae provident quo deleniti quisquam est. Vel deleniti fugit et dolore nisi. Commodi repudiandae odio ut delectus est sint.', '5', '2018-07-04 20:27:09', '2018-07-04 20:27:09');
INSERT INTO `reviews` VALUES ('184', '11', 'Agustin Homenick', 'Impedit ut id rerum et. Et quos molestiae cumque aut. Consequatur quo culpa eos. Quia nesciunt sed quam est aut aspernatur officia.', '0', '2018-07-04 20:27:09', '2018-07-04 20:27:09');
INSERT INTO `reviews` VALUES ('185', '44', 'Leola McGlynn III', 'Voluptas aspernatur harum eum error voluptatibus praesentium. Consequatur eaque aut ab pariatur repellendus. Totam voluptate officia quia maxime praesentium quisquam possimus.', '4', '2018-07-04 20:27:09', '2018-07-04 20:27:09');
INSERT INTO `reviews` VALUES ('186', '13', 'Mable Zemlak', 'Placeat aut sed ea porro nisi ullam. Molestiae sed libero aut et esse nihil enim. Animi fuga corporis fuga qui quisquam aut officiis. Ut enim est natus culpa inventore sit.', '5', '2018-07-04 20:27:09', '2018-07-04 20:27:09');
INSERT INTO `reviews` VALUES ('187', '40', 'Dr. Allan Hammes II', 'Libero laboriosam quia cum minus. Autem sequi reiciendis blanditiis dolor sed. Ut quia omnis iusto perferendis. Optio corporis consequuntur asperiores voluptatibus culpa est ipsum.', '5', '2018-07-04 20:27:09', '2018-07-04 20:27:09');
INSERT INTO `reviews` VALUES ('188', '9', 'Edwardo Mitchell', 'Sit aut ut molestiae. Praesentium cumque tenetur nostrum natus illum et. Cumque dolorem minus omnis placeat voluptatum sit. Id ut quam minima velit veniam dolore fuga.', '4', '2018-07-04 20:27:09', '2018-07-04 20:27:09');
INSERT INTO `reviews` VALUES ('189', '42', 'Stewart Wiegand', 'Id quis culpa asperiores sequi. Eius et optio eum aut saepe eligendi iusto.', '3', '2018-07-04 20:27:09', '2018-07-04 20:27:09');
INSERT INTO `reviews` VALUES ('190', '1', 'Americo Kunze V', 'Nobis qui eum voluptatem ratione. Dolores iste atque nam eos. Odit ea totam libero sunt rem. Exercitationem in omnis aperiam voluptatem quos. Et rerum corporis architecto aut magnam ut eum.', '5', '2018-07-04 20:27:09', '2018-07-04 20:27:09');
INSERT INTO `reviews` VALUES ('191', '29', 'Cassandra Ryan', 'Sapiente vel perspiciatis commodi et numquam. Fuga illum odio ut ut. Sunt ut fuga distinctio voluptatem et eos recusandae cumque.', '1', '2018-07-04 20:27:09', '2018-07-04 20:27:09');
INSERT INTO `reviews` VALUES ('192', '28', 'Mr. Coy Kemmer IV', 'Voluptas id ab quia aut. Vel ut aliquid suscipit eos. Et et fuga est reiciendis veritatis voluptatum adipisci porro. Exercitationem et possimus eos.', '4', '2018-07-04 20:27:09', '2018-07-04 20:27:09');
INSERT INTO `reviews` VALUES ('193', '40', 'Ivory Heaney DVM', 'Rem consequuntur soluta rem expedita labore earum omnis. Asperiores qui expedita molestias autem itaque laudantium. Quaerat atque reiciendis ad id dolor labore ut.', '3', '2018-07-04 20:27:09', '2018-07-04 20:27:09');
INSERT INTO `reviews` VALUES ('194', '2', 'Emerald Reilly', 'Incidunt tempora ut sed voluptas. Sapiente officiis veniam ut omnis. Dignissimos aliquid velit in soluta sit in.', '2', '2018-07-04 20:27:09', '2018-07-04 20:27:09');
INSERT INTO `reviews` VALUES ('195', '44', 'Lukas Klein', 'Ut velit atque voluptas sed dolor ducimus. Ut sit officia sed commodi. Ratione rerum qui corporis optio nulla quia repellat.', '5', '2018-07-04 20:27:09', '2018-07-04 20:27:09');
INSERT INTO `reviews` VALUES ('196', '22', 'Kory Boehm III', 'Consectetur debitis explicabo nihil magnam. Provident aut fuga architecto quisquam facere sunt culpa itaque. Provident fugiat voluptates aliquid iste. Animi aperiam consequuntur sequi voluptate.', '1', '2018-07-04 20:27:09', '2018-07-04 20:27:09');
INSERT INTO `reviews` VALUES ('197', '37', 'Mr. Amari Waelchi I', 'Itaque qui dolorem sed deserunt. Sequi occaecati dolorem aperiam perspiciatis esse rerum officiis. Aut error et similique aut qui. Eligendi esse reiciendis quasi debitis ut temporibus neque.', '3', '2018-07-04 20:27:09', '2018-07-04 20:27:09');
INSERT INTO `reviews` VALUES ('198', '14', 'Dr. Turner Hickle DDS', 'Mollitia est cum porro culpa quod. Pariatur nam dolores deleniti. Aut est earum odit omnis officia.', '5', '2018-07-04 20:27:09', '2018-07-04 20:27:09');
INSERT INTO `reviews` VALUES ('199', '42', 'Miss Kailee Kuhlman', 'Velit est amet porro possimus neque suscipit. Consequuntur ut voluptas eaque tempora. Est voluptas explicabo perferendis iusto sint.', '2', '2018-07-04 20:27:09', '2018-07-04 20:27:09');
INSERT INTO `reviews` VALUES ('200', '40', 'Art Kub', 'Veritatis similique placeat totam distinctio quia. Porro autem eum aut ullam sapiente consectetur. Sunt sequi dolores temporibus perspiciatis natus dolore odio qui.', '3', '2018-07-04 20:27:09', '2018-07-04 20:27:09');
INSERT INTO `reviews` VALUES ('201', '1', 'Violette Fadel', 'Enim occaecati vel dolor facilis labore veniam voluptatem dignissimos. Rerum quasi qui aperiam a quidem nesciunt pariatur. Omnis eaque dolores dignissimos similique tempore. Qui eius at quia esse corrupti consequatur ea fuga.', '4', '2018-07-04 20:27:10', '2018-07-04 20:27:10');
INSERT INTO `reviews` VALUES ('202', '14', 'Elias West MD', 'Mollitia deleniti accusantium et nulla quo quis rerum. Esse modi vero velit odio. Aut natus voluptates autem qui.', '1', '2018-07-04 20:27:10', '2018-07-04 20:27:10');
INSERT INTO `reviews` VALUES ('203', '20', 'Willy Walker', 'Nesciunt repellendus quidem alias ut eum consequatur consequatur animi. Sint nulla sit eius cumque est dicta voluptas voluptate. Similique voluptas molestiae dignissimos non voluptatum. Amet quibusdam rerum qui aut consequatur. Sapiente aliquid quis laudantium aut nihil exercitationem sed at.', '2', '2018-07-04 20:27:10', '2018-07-04 20:27:10');
INSERT INTO `reviews` VALUES ('204', '1', 'Adele McKenzie MD', 'Eos laborum ut expedita et. Expedita voluptates quaerat sint non. Eum similique repudiandae consectetur quia ut officia magni. Esse cum quo earum maiores.', '1', '2018-07-04 20:27:10', '2018-07-04 20:27:10');
INSERT INTO `reviews` VALUES ('205', '14', 'Vivienne Mann', 'Vitae sunt ipsam sapiente. Veniam at impedit perferendis cumque et cupiditate perspiciatis ratione. Commodi nobis omnis sed quia ea quam est omnis. Velit sunt ipsam earum numquam quibusdam velit accusantium reprehenderit.', '5', '2018-07-04 20:27:10', '2018-07-04 20:27:10');
INSERT INTO `reviews` VALUES ('206', '36', 'Carlo Feest II', 'Consectetur vel ut corrupti delectus. Sed minima libero consequatur. Autem eius laborum facere quaerat similique et. Iste commodi veritatis placeat ipsam molestiae itaque qui beatae.', '3', '2018-07-04 20:27:10', '2018-07-04 20:27:10');
INSERT INTO `reviews` VALUES ('207', '16', 'Darian Watsica', 'Aut maxime ipsam ipsum modi. Pariatur perferendis ab eveniet est. Eum molestias et sunt et earum ut minima. Porro ab quidem facilis qui autem sequi.', '3', '2018-07-04 20:27:10', '2018-07-04 20:27:10');
INSERT INTO `reviews` VALUES ('208', '25', 'Bo Powlowski PhD', 'Et voluptatem sequi sunt voluptatem nesciunt. Occaecati a odio rem. Quia voluptatum soluta ratione quisquam aut. Aut veniam consectetur tenetur.', '0', '2018-07-04 20:27:10', '2018-07-04 20:27:10');
INSERT INTO `reviews` VALUES ('209', '36', 'Prof. Margie Schultz PhD', 'Aliquam aperiam eligendi numquam. Quia et sunt sit velit non placeat. Iusto aut dolor aut quisquam dicta omnis.', '4', '2018-07-04 20:27:10', '2018-07-04 20:27:10');
INSERT INTO `reviews` VALUES ('210', '35', 'Shanelle Jaskolski', 'Rem exercitationem incidunt et animi laboriosam officia omnis. Dignissimos deserunt nulla sunt. Culpa ut quidem ut occaecati nobis.', '1', '2018-07-04 20:27:10', '2018-07-04 20:27:10');
INSERT INTO `reviews` VALUES ('211', '24', 'Mr. Tevin Gorczany', 'Incidunt aliquid amet saepe quasi ab. Accusamus ipsam corporis reiciendis debitis. Quasi culpa quia numquam veritatis. Ea qui est rerum quis. Aspernatur nam omnis vel occaecati quo nisi.', '2', '2018-07-04 20:27:10', '2018-07-04 20:27:10');
INSERT INTO `reviews` VALUES ('212', '21', 'Ron Schoen III', 'Placeat ad necessitatibus optio est sed nesciunt. Nisi alias et qui labore. Aliquid aliquam est sit iusto id recusandae sed voluptatibus. Voluptates consequuntur harum molestiae nisi.', '2', '2018-07-04 20:27:10', '2018-07-04 20:27:10');
INSERT INTO `reviews` VALUES ('213', '49', 'Yasmeen Cremin IV', 'Et non consectetur nobis sit dolorum. Exercitationem aut sint sequi. Vitae accusantium architecto ea sapiente exercitationem culpa. Reprehenderit corrupti necessitatibus ipsam pariatur. Nobis quia tempore ut quo.', '0', '2018-07-04 20:27:11', '2018-07-04 20:27:11');
INSERT INTO `reviews` VALUES ('214', '48', 'Freda Crist', 'Sequi ut sequi soluta laboriosam asperiores. Ea quisquam veniam fuga itaque est occaecati necessitatibus libero.', '5', '2018-07-04 20:27:11', '2018-07-04 20:27:11');
INSERT INTO `reviews` VALUES ('215', '20', 'Clark Heller', 'Provident est eum necessitatibus minus. Rerum eveniet nihil praesentium. Aspernatur est aut quaerat voluptatum. Numquam impedit eos aliquid sed atque.', '2', '2018-07-04 20:27:11', '2018-07-04 20:27:11');
INSERT INTO `reviews` VALUES ('216', '45', 'Ulises Oberbrunner', 'Repellat et corporis rerum et et nobis eveniet est. Qui ut id et non rerum magni. Eos non quia quae sit illo delectus optio.', '3', '2018-07-04 20:27:11', '2018-07-04 20:27:11');
INSERT INTO `reviews` VALUES ('217', '46', 'Terrell Effertz', 'Odio corporis perspiciatis ut cum maiores fugiat vel. Enim ullam quibusdam itaque incidunt qui rerum quo. Consectetur numquam dignissimos excepturi reprehenderit.', '4', '2018-07-04 20:27:11', '2018-07-04 20:27:11');
INSERT INTO `reviews` VALUES ('218', '29', 'Mr. Mathias Keebler II', 'Nihil ut amet veniam sed. Perferendis qui maxime impedit quaerat eaque impedit. Omnis corporis non et. Ab tempore provident culpa esse enim et.', '3', '2018-07-04 20:27:11', '2018-07-04 20:27:11');
INSERT INTO `reviews` VALUES ('219', '47', 'Dr. Hailee Rempel Jr.', 'Amet distinctio voluptas quae quisquam. Voluptas vel qui culpa expedita sunt ipsum et minima. Debitis sit eius est occaecati dolor ut tempora. Laborum distinctio nisi aut cum et animi quos.', '5', '2018-07-04 20:27:11', '2018-07-04 20:27:11');
INSERT INTO `reviews` VALUES ('220', '31', 'Breana Mann IV', 'Non corporis aut rem ut. Vitae dolor sed sapiente quia non. Dolor ut fugiat voluptatem necessitatibus ab.', '1', '2018-07-04 20:27:11', '2018-07-04 20:27:11');
INSERT INTO `reviews` VALUES ('221', '23', 'Harold Kuhlman', 'Fugiat aut aliquam corporis molestias sit et dolorem. Quam sed et neque. Consequatur quae ut inventore aut qui voluptas. Recusandae et nobis id assumenda voluptates totam consequuntur. Alias perferendis deleniti perspiciatis quas et omnis exercitationem.', '2', '2018-07-04 20:27:11', '2018-07-04 20:27:11');
INSERT INTO `reviews` VALUES ('222', '19', 'Laurence Rau', 'Beatae tempora recusandae quia vel sint earum consequuntur. Sit aut nam libero doloribus. Laudantium laborum aliquid consequuntur ab laudantium itaque incidunt rem.', '4', '2018-07-04 20:27:11', '2018-07-04 20:27:11');
INSERT INTO `reviews` VALUES ('223', '5', 'Adelia Leffler', 'Quo soluta aspernatur dolore. Consequatur autem accusamus itaque fugiat in. Distinctio dolorem tenetur ad dolor. Rem qui doloremque ad vero asperiores illo recusandae.', '2', '2018-07-04 20:27:11', '2018-07-04 20:27:11');
INSERT INTO `reviews` VALUES ('224', '36', 'Mrs. Isabella Lueilwitz', 'Saepe dicta commodi id ad assumenda sit. Vel ex repellat aperiam et dicta nihil sint. Consequatur laudantium optio voluptatibus consequuntur autem ad eveniet. Nemo facilis ducimus adipisci et officia.', '2', '2018-07-04 20:27:12', '2018-07-04 20:27:12');
INSERT INTO `reviews` VALUES ('225', '25', 'Jarret Larson', 'Sit eveniet ut fugiat omnis sit nisi. Excepturi ratione numquam debitis. Eaque culpa deserunt sed. Officia voluptatum illo magni vel esse ad molestiae quia.', '5', '2018-07-04 20:27:12', '2018-07-04 20:27:12');
INSERT INTO `reviews` VALUES ('226', '46', 'Betty Block', 'Perferendis dolores aut impedit error voluptas. Ipsam quod laudantium deserunt quo est non iusto maxime. Hic et distinctio accusamus consequuntur. Sint veritatis quo sed nihil et ipsam.', '2', '2018-07-04 20:27:12', '2018-07-04 20:27:12');
INSERT INTO `reviews` VALUES ('227', '49', 'Brandt Ziemann', 'Optio doloremque voluptatibus amet maxime sed sapiente omnis. Quidem nobis nihil officia sit doloremque tempora. Voluptatem ducimus assumenda consequatur sit voluptas asperiores.', '2', '2018-07-04 20:27:12', '2018-07-04 20:27:12');
INSERT INTO `reviews` VALUES ('228', '40', 'Ms. Clementine Lemke', 'Unde voluptas officia excepturi consequuntur alias ex. Earum ea rerum quis delectus fugiat accusamus. Autem amet beatae quis qui non error et. Eos omnis illum nihil officiis. Sed ad ex rem.', '0', '2018-07-04 20:27:12', '2018-07-04 20:27:12');
INSERT INTO `reviews` VALUES ('229', '39', 'Domenic Hintz', 'Illum aliquid dolorum autem suscipit odit ex velit. Sit nesciunt fugit rem sed mollitia sit. Qui libero vel aut culpa fugiat voluptatum praesentium. Soluta minima sunt porro ut.', '2', '2018-07-04 20:27:12', '2018-07-04 20:27:12');
INSERT INTO `reviews` VALUES ('230', '35', 'Emery Wilkinson', 'Provident sint ut blanditiis. Voluptas adipisci laudantium autem quia. Voluptatem saepe officia numquam magnam cum rerum. Et ratione dicta in. Dolore fugit at quod ut unde et quia odio.', '5', '2018-07-04 20:27:12', '2018-07-04 20:27:12');
INSERT INTO `reviews` VALUES ('231', '2', 'Emilie Dooley', 'Illum ducimus asperiores ipsa voluptatem suscipit illum. Et et velit dolore ut porro ut. Possimus impedit odit voluptas adipisci et beatae est.', '4', '2018-07-04 20:27:12', '2018-07-04 20:27:12');
INSERT INTO `reviews` VALUES ('232', '17', 'Keegan Wehner Sr.', 'Natus et odio iste tenetur maiores. Harum reprehenderit alias a reiciendis voluptates. Rerum quasi dolore et et.', '1', '2018-07-04 20:27:12', '2018-07-04 20:27:12');
INSERT INTO `reviews` VALUES ('233', '45', 'Cleve Hermiston', 'Ut accusamus sint velit nam tempora quia. Quod non odit molestias nam. Est dicta et sunt suscipit molestiae. Possimus aut dolor delectus eos earum rerum.', '2', '2018-07-04 20:27:12', '2018-07-04 20:27:12');
INSERT INTO `reviews` VALUES ('234', '11', 'General Marks', 'Magni voluptate officiis amet et officia omnis voluptatem. Asperiores officia aut ut voluptatem rerum et. Ut esse minus velit et consequuntur voluptatem voluptatum odio.', '5', '2018-07-04 20:27:12', '2018-07-04 20:27:12');
INSERT INTO `reviews` VALUES ('235', '46', 'Eugenia Wintheiser', 'Ratione natus aut eum rerum possimus corporis qui. Sed delectus officia vitae asperiores minima dolor repellendus. Nam qui ipsam voluptate hic fugiat natus. Natus omnis quaerat quae illo quos eos sapiente.', '1', '2018-07-04 20:27:13', '2018-07-04 20:27:13');
INSERT INTO `reviews` VALUES ('236', '13', 'Raphael Langosh', 'Consequuntur laudantium rem quidem cumque. Voluptas aut quis voluptates accusantium et voluptatum ipsum. Expedita dolorem tenetur delectus nihil. Beatae consequuntur facilis illo doloribus eum voluptatem quo.', '4', '2018-07-04 20:27:13', '2018-07-04 20:27:13');
INSERT INTO `reviews` VALUES ('237', '37', 'Rose Doyle', 'Libero sint rerum sed et aut dolor. Fuga accusamus maxime qui ea vel dolorum aspernatur. Et aut assumenda libero expedita consequatur molestias.', '1', '2018-07-04 20:27:13', '2018-07-04 20:27:13');
INSERT INTO `reviews` VALUES ('238', '17', 'Amira Medhurst', 'Voluptatem quo est deleniti in. Quis sint aut sed neque eaque. Voluptatibus deleniti eaque explicabo est suscipit.', '2', '2018-07-04 20:27:13', '2018-07-04 20:27:13');
INSERT INTO `reviews` VALUES ('239', '38', 'Carmela Bahringer', 'Magni vel libero aliquam. Repellendus ipsa voluptatum repudiandae velit.', '1', '2018-07-04 20:27:13', '2018-07-04 20:27:13');
INSERT INTO `reviews` VALUES ('240', '49', 'Alverta Cummerata', 'Tenetur et blanditiis earum id rerum. Distinctio ad qui repudiandae iusto magnam excepturi esse possimus. Eius expedita ab mollitia fuga harum et voluptatem. Aut unde quaerat aut voluptatem ut.', '1', '2018-07-04 20:27:13', '2018-07-04 20:27:13');
INSERT INTO `reviews` VALUES ('241', '22', 'Mrs. Leila Monahan III', 'Atque cupiditate recusandae iure omnis explicabo quaerat nulla. Qui aut quod et. Tempora nulla sit totam optio ut quos dolores.', '1', '2018-07-04 20:27:13', '2018-07-04 20:27:13');
INSERT INTO `reviews` VALUES ('242', '19', 'Greg Koepp', 'Quas corrupti ea velit voluptas eligendi. Enim odio et dolore. Maxime et harum enim facere et.', '3', '2018-07-04 20:27:13', '2018-07-04 20:27:13');
INSERT INTO `reviews` VALUES ('243', '10', 'Leif Graham V', 'Alias omnis non nostrum vitae est. Et voluptatum quas natus sunt dolor.', '5', '2018-07-04 20:27:13', '2018-07-04 20:27:13');
INSERT INTO `reviews` VALUES ('244', '26', 'Dr. Lawson Bins Sr.', 'Libero et officiis totam possimus eum aperiam vitae. Doloribus velit id dolorem ipsam. Numquam voluptatibus eaque consequuntur vitae tenetur nihil placeat.', '4', '2018-07-04 20:27:13', '2018-07-04 20:27:13');
INSERT INTO `reviews` VALUES ('245', '34', 'Russell Gutkowski', 'Sed ut eos recusandae sit. Et aut laboriosam reiciendis omnis maxime laudantium. Minus eum dolor temporibus rerum aliquam enim. Aut minima minima nesciunt aut porro veritatis.', '1', '2018-07-04 20:27:14', '2018-07-04 20:27:14');
INSERT INTO `reviews` VALUES ('246', '17', 'Hallie Sipes', 'Nulla qui ut consequatur consequatur sed. Numquam nemo nulla nam nisi et. Id qui nihil quo. Aut totam earum cum exercitationem repellat cumque aut.', '2', '2018-07-04 20:27:14', '2018-07-04 20:27:14');
INSERT INTO `reviews` VALUES ('247', '48', 'Retha Grimes', 'Laborum nihil laborum aut deserunt delectus ea excepturi. Rerum illum expedita enim dolorem neque est. Vitae autem mollitia odio consequuntur. Et rerum voluptatem illo omnis nulla asperiores eaque ex.', '1', '2018-07-04 20:27:14', '2018-07-04 20:27:14');
INSERT INTO `reviews` VALUES ('248', '43', 'Dashawn Doyle', 'Consequatur porro provident consectetur voluptas. Nostrum eum qui dolore autem. Ea autem expedita reiciendis. Aut sequi aperiam id earum.', '5', '2018-07-04 20:27:15', '2018-07-04 20:27:15');
INSERT INTO `reviews` VALUES ('249', '12', 'Adalberto Ruecker II', 'Laudantium error qui sit aperiam numquam vel. Nam quo dignissimos voluptatem quas quo esse. Qui eveniet doloribus veritatis excepturi.', '1', '2018-07-04 20:27:15', '2018-07-04 20:27:15');
INSERT INTO `reviews` VALUES ('250', '27', 'Prof. Baron Bradtke DVM', 'Est ipsum sed corrupti deleniti a quam unde. Autem eum velit iste suscipit inventore repellendus eius adipisci. Qui accusantium perferendis ea.', '3', '2018-07-04 20:27:15', '2018-07-04 20:27:15');
INSERT INTO `reviews` VALUES ('251', '17', 'Ericka Schroeder', 'Et quia beatae corrupti dolores voluptatem dolor ut. Inventore debitis nihil ut dignissimos et. Veritatis facere molestias excepturi quaerat modi quas.', '4', '2018-07-04 20:27:15', '2018-07-04 20:27:15');
INSERT INTO `reviews` VALUES ('252', '39', 'Lennie Rice', 'Consectetur quo rerum sit ut placeat voluptatem vel quas. Quia qui ipsam officia cupiditate. Qui natus quis omnis dicta pariatur dolores alias. Molestiae quia dolore vel dignissimos.', '5', '2018-07-04 20:27:15', '2018-07-04 20:27:15');
INSERT INTO `reviews` VALUES ('253', '46', 'Prof. Delmer Marks DDS', 'Cum est nesciunt consequuntur ipsa. Suscipit sed non qui. Est aliquid dicta reiciendis ipsam pariatur illo provident dignissimos.', '4', '2018-07-04 20:27:16', '2018-07-04 20:27:16');
INSERT INTO `reviews` VALUES ('254', '25', 'Dr. Leon Beatty', 'Quas aut molestias aut ipsum. Nemo quo sint debitis praesentium quibusdam quidem debitis. Incidunt et libero earum quisquam perferendis. Dolores est ut eaque quia.', '1', '2018-07-04 20:27:16', '2018-07-04 20:27:16');
INSERT INTO `reviews` VALUES ('255', '7', 'Brenna Emard', 'Rerum deleniti nulla impedit est. Amet id occaecati iure et et suscipit. Alias provident id fuga blanditiis omnis non. Nisi est et et repudiandae aliquam.', '4', '2018-07-04 20:27:16', '2018-07-04 20:27:16');
INSERT INTO `reviews` VALUES ('256', '21', 'Peyton Torp', 'Nam repellendus optio ipsum aut ut sapiente assumenda harum. Quia harum sunt cumque.', '3', '2018-07-04 20:27:16', '2018-07-04 20:27:16');
INSERT INTO `reviews` VALUES ('257', '47', 'Gail DuBuque DDS', 'Illum id voluptas commodi nam aut. Quia ipsa incidunt rerum nam. In non quaerat dolores beatae ea beatae. Deserunt ipsum dolorem dignissimos numquam eius.', '5', '2018-07-04 20:27:16', '2018-07-04 20:27:16');
INSERT INTO `reviews` VALUES ('258', '46', 'Dr. Rahul Williamson', 'Vero vel voluptatibus expedita sint blanditiis est enim. Natus sit nam voluptates sit ut qui. Asperiores molestiae aut qui numquam rerum facere. Aut dolore hic alias veniam praesentium recusandae dolorem eveniet.', '0', '2018-07-04 20:27:16', '2018-07-04 20:27:16');
INSERT INTO `reviews` VALUES ('259', '32', 'Coy Bins', 'Sequi dolores aut sit dolore reiciendis illo repudiandae. Omnis cumque officiis vero asperiores eius recusandae ut facere. Ea similique ut neque odio ipsum laborum ea. Doloremque hic enim nihil quo nulla.', '4', '2018-07-04 20:27:16', '2018-07-04 20:27:16');
INSERT INTO `reviews` VALUES ('260', '32', 'Tanner Stanton', 'Praesentium ipsa dolor quia voluptatem. Fuga alias debitis cum provident. Perferendis nesciunt velit possimus maxime ipsum.', '2', '2018-07-04 20:27:16', '2018-07-04 20:27:16');
INSERT INTO `reviews` VALUES ('261', '35', 'Emilia Lowe', 'Eum eveniet voluptas aut dolores est. Est ea animi voluptatem est soluta aut. Ex eum ullam repellat dolore aliquam.', '2', '2018-07-04 20:27:16', '2018-07-04 20:27:16');
INSERT INTO `reviews` VALUES ('262', '17', 'Winston Lemke', 'Est recusandae nam ea est consequatur adipisci. Rerum nulla omnis sint. Omnis eos esse saepe autem ea dolor libero. Quaerat at dicta quod.', '0', '2018-07-04 20:27:16', '2018-07-04 20:27:16');
INSERT INTO `reviews` VALUES ('263', '14', 'Grant Abshire I', 'Aut magni vero omnis et ipsa. Odio nemo quidem soluta est excepturi. Non quo et non accusantium. Et odit et nesciunt nam dolor neque nemo.', '1', '2018-07-04 20:27:16', '2018-07-04 20:27:16');
INSERT INTO `reviews` VALUES ('264', '38', 'Miss Joannie Koch MD', 'Quo error rerum velit voluptas. Est aperiam aut ducimus maxime culpa. Aut iste beatae placeat totam adipisci consequatur sint. Ducimus maxime perferendis id omnis quia voluptate.', '1', '2018-07-04 20:27:16', '2018-07-04 20:27:16');
INSERT INTO `reviews` VALUES ('265', '34', 'Thelma Bogan Jr.', 'Architecto et rerum eos omnis optio. Et assumenda repellat est. Repellat eum hic perspiciatis est ab. Sit minus nostrum explicabo voluptatem.', '3', '2018-07-04 20:27:16', '2018-07-04 20:27:16');
INSERT INTO `reviews` VALUES ('266', '9', 'Alfredo Schimmel', 'Maiores vel aut sunt quod totam laboriosam. Blanditiis nihil consequatur asperiores nobis et eum ullam saepe. Laborum ut totam dolorem saepe suscipit incidunt. Odit mollitia dicta et.', '4', '2018-07-04 20:27:16', '2018-07-04 20:27:16');
INSERT INTO `reviews` VALUES ('267', '45', 'Dr. Johnnie Eichmann', 'Dolor rerum harum voluptatem maxime perferendis quasi. Blanditiis et vitae magnam reiciendis. Consequuntur doloribus pariatur eius corporis officiis.', '2', '2018-07-04 20:27:16', '2018-07-04 20:27:16');
INSERT INTO `reviews` VALUES ('268', '37', 'Jeanette Thiel', 'Velit ipsa deleniti cum quod. Nam quos sed quidem qui. Unde esse in eius qui minima. Id quidem est libero sunt sequi.', '5', '2018-07-04 20:27:16', '2018-07-04 20:27:16');
INSERT INTO `reviews` VALUES ('269', '10', 'Stefanie Bogisich', 'Qui fuga molestias quibusdam debitis placeat. Omnis error quod laudantium quas odio. Qui rem fugit officiis eum quia earum cum rerum. Id iure dolores iure rerum ut esse.', '0', '2018-07-04 20:27:16', '2018-07-04 20:27:16');
INSERT INTO `reviews` VALUES ('270', '48', 'Velda Doyle', 'Harum nulla impedit sed sit animi. Ut facere exercitationem iste aperiam nihil commodi.', '3', '2018-07-04 20:27:16', '2018-07-04 20:27:16');
INSERT INTO `reviews` VALUES ('271', '31', 'Nikita Koelpin', 'Laboriosam iste corporis dolores iusto laudantium. Voluptas nam voluptas perspiciatis nisi rerum ratione. Illum nemo maiores possimus numquam sit quo aut.', '2', '2018-07-04 20:27:16', '2018-07-04 20:27:16');
INSERT INTO `reviews` VALUES ('272', '23', 'Zelda Lockman', 'Non debitis omnis sunt nemo error. Fuga et consequatur et nulla. Vitae voluptas qui omnis quis et consequatur doloribus. Fugit et error quod omnis in repudiandae quam.', '0', '2018-07-04 20:27:16', '2018-07-04 20:27:16');
INSERT INTO `reviews` VALUES ('273', '30', 'Weldon Schmeler DDS', 'Cumque sequi id sit animi illum magnam dicta. Et eligendi iusto praesentium est. Vitae atque ducimus rerum quos.', '1', '2018-07-04 20:27:16', '2018-07-04 20:27:16');
INSERT INTO `reviews` VALUES ('274', '22', 'Quincy Schaden', 'Pariatur quis dicta dolores qui maiores. Libero et nostrum reprehenderit modi asperiores repellat ab. Ab possimus sed eos et sit exercitationem.', '3', '2018-07-04 20:27:16', '2018-07-04 20:27:16');
INSERT INTO `reviews` VALUES ('275', '47', 'Conner Lindgren', 'Enim magnam quia quo non et ipsam. Aspernatur reiciendis dicta autem ducimus delectus mollitia sequi. Et soluta est voluptatibus molestiae id doloribus autem.', '4', '2018-07-04 20:27:16', '2018-07-04 20:27:16');
INSERT INTO `reviews` VALUES ('276', '29', 'Jazlyn Reilly', 'Est enim assumenda harum. Deserunt omnis et sunt officiis est unde repudiandae. Recusandae sunt blanditiis mollitia velit at. Fugit explicabo quia quae aliquid.', '5', '2018-07-04 20:27:16', '2018-07-04 20:27:16');
INSERT INTO `reviews` VALUES ('277', '40', 'Owen Heidenreich', 'Quae ea officiis repellat nesciunt et quia. Ex quia exercitationem suscipit aut. Voluptatum praesentium asperiores et quaerat quo qui vitae laudantium. Vel aut soluta rerum omnis sed.', '4', '2018-07-04 20:27:16', '2018-07-04 20:27:16');
INSERT INTO `reviews` VALUES ('278', '25', 'Hollis Jacobi', 'Dolor corporis explicabo perferendis sint molestiae. Qui reiciendis tenetur ab excepturi veniam architecto. Quisquam dolore voluptatem neque repellat minima quo at. Aut incidunt consequatur ullam enim dolorem quis dolore.', '0', '2018-07-04 20:27:16', '2018-07-04 20:27:16');
INSERT INTO `reviews` VALUES ('279', '12', 'Deontae Rosenbaum', 'Laudantium sed cupiditate ut error officia qui exercitationem et. Laboriosam at enim est sunt sint laborum quis. Aut minima labore deserunt numquam laborum fugiat aliquam.', '5', '2018-07-04 20:27:16', '2018-07-04 20:27:16');
INSERT INTO `reviews` VALUES ('280', '10', 'Bulah Cummerata', 'Sunt nihil et optio et sed iusto nihil. Magnam itaque nihil vitae aliquid velit cum architecto. Aut voluptatem doloremque rerum nihil aspernatur aut. Est in vel asperiores asperiores ab sed. Illum alias sunt est quos omnis.', '5', '2018-07-04 20:27:16', '2018-07-04 20:27:16');
INSERT INTO `reviews` VALUES ('281', '25', 'Miss Alta Bradtke', 'Aut ut distinctio reiciendis reprehenderit itaque minima fuga sit. Rerum eos consequatur minima quod. Iure odit veritatis ea error et. Debitis quos similique in aperiam beatae. Voluptas quae ut est voluptate autem quaerat voluptatem.', '1', '2018-07-04 20:27:16', '2018-07-04 20:27:16');
INSERT INTO `reviews` VALUES ('282', '15', 'Dr. Tina Hoeger', 'Provident laudantium iusto maxime. Eveniet consequuntur voluptas qui consequuntur odit ipsum. Et ab ab quisquam necessitatibus dolorem deleniti id. Et dolorum hic voluptas exercitationem quaerat doloremque deserunt.', '2', '2018-07-04 20:27:17', '2018-07-04 20:27:17');
INSERT INTO `reviews` VALUES ('283', '33', 'Andres Mills I', 'Quo voluptates doloremque maiores. Omnis molestiae omnis ducimus fugit nihil. Natus porro esse ratione. Voluptates natus maiores est error.', '0', '2018-07-04 20:27:17', '2018-07-04 20:27:17');
INSERT INTO `reviews` VALUES ('284', '32', 'Savion Carroll', 'Velit vel nihil velit vero doloremque. Beatae quae neque quidem dicta. Et voluptatibus voluptates qui in dicta similique sed. Impedit quidem veniam ullam.', '3', '2018-07-04 20:27:17', '2018-07-04 20:27:17');
INSERT INTO `reviews` VALUES ('285', '1', 'Dr. Rowland McDermott', 'Laborum et dicta sunt tempora. Sed et ullam similique est expedita amet. Mollitia et omnis et atque nesciunt labore velit. Corporis sit labore qui debitis similique minima necessitatibus.', '0', '2018-07-04 20:27:17', '2018-07-04 20:27:17');
INSERT INTO `reviews` VALUES ('286', '14', 'Prof. Joanny Littel MD', 'Ut rem veniam velit omnis. Amet qui ut est temporibus vel omnis occaecati. Non eligendi error voluptas sapiente sapiente.', '3', '2018-07-04 20:27:17', '2018-07-04 20:27:17');
INSERT INTO `reviews` VALUES ('287', '25', 'Oma Parisian I', 'Amet ducimus reprehenderit rerum qui. Totam hic veniam incidunt sit provident distinctio officia non. Omnis eum aliquam sint esse nostrum.', '4', '2018-07-04 20:27:17', '2018-07-04 20:27:17');
INSERT INTO `reviews` VALUES ('288', '2', 'Jayden Cassin', 'Omnis debitis omnis et natus sunt iste. Possimus exercitationem omnis quia nulla. Omnis eveniet libero temporibus.', '3', '2018-07-04 20:27:17', '2018-07-04 20:27:17');
INSERT INTO `reviews` VALUES ('289', '26', 'Mrs. Laura Gusikowski Sr.', 'Aperiam odit quos et minus. Rerum qui aspernatur rerum nostrum voluptatibus. Et et minus quam recusandae.', '0', '2018-07-04 20:27:17', '2018-07-04 20:27:17');
INSERT INTO `reviews` VALUES ('290', '36', 'Mrs. Tressa Lebsack', 'Veniam dignissimos vel perspiciatis magnam. Rem sed cum dolor consequuntur. Aut possimus laborum voluptas qui in magnam deserunt.', '1', '2018-07-04 20:27:17', '2018-07-04 20:27:17');
INSERT INTO `reviews` VALUES ('291', '31', 'Prof. Aurelie Corkery', 'Culpa ipsam qui accusamus velit minima. Voluptates quas non officia consequatur ducimus illo. Ut et aut quam maxime. Accusamus quia soluta asperiores esse quibusdam.', '5', '2018-07-04 20:27:17', '2018-07-04 20:27:17');
INSERT INTO `reviews` VALUES ('292', '9', 'Sarina Kovacek', 'Ea ut laboriosam dolores voluptatem nihil perferendis. Dolorum quia tempora quia consequatur adipisci est quos.', '2', '2018-07-04 20:27:17', '2018-07-04 20:27:17');
INSERT INTO `reviews` VALUES ('293', '31', 'Prof. Guido Collier', 'Quas vel dolores necessitatibus voluptas. Fugit amet ducimus quasi deserunt quaerat iure inventore soluta. Provident minus et omnis corporis eius explicabo impedit. Hic eos aut ullam nihil cumque accusamus.', '3', '2018-07-04 20:27:17', '2018-07-04 20:27:17');
INSERT INTO `reviews` VALUES ('294', '4', 'Jammie Bode', 'Nihil animi fugit accusamus voluptas. Voluptas nulla repudiandae quia aliquam assumenda. Et nobis vero ipsa.', '3', '2018-07-04 20:27:17', '2018-07-04 20:27:17');
INSERT INTO `reviews` VALUES ('295', '9', 'Isaiah Dickinson', 'Est laudantium culpa fugiat et. Non aspernatur qui provident voluptatibus necessitatibus ex quis. Ducimus corporis aut vero aut ipsa. Et autem provident id et est ut.', '4', '2018-07-04 20:27:17', '2018-07-04 20:27:17');
INSERT INTO `reviews` VALUES ('296', '39', 'Assunta Tillman I', 'Laudantium dolorem ipsum dicta asperiores dolorem maxime. Eveniet accusantium sint consequatur a minima. Ullam fuga ad corrupti. Cum commodi pariatur sint omnis maiores delectus voluptate.', '1', '2018-07-04 20:27:17', '2018-07-04 20:27:17');
INSERT INTO `reviews` VALUES ('297', '37', 'Alfreda Kshlerin', 'Distinctio optio quos debitis modi vel. Quo ratione minima nam. Tempore rerum nulla sunt maiores nemo nam.', '3', '2018-07-04 20:27:17', '2018-07-04 20:27:17');
INSERT INTO `reviews` VALUES ('298', '47', 'Torrance Weimann', 'Harum rerum quaerat repellat amet ut ut placeat. Ut molestiae et et beatae quia saepe consequatur. Saepe vero et perferendis quia voluptas voluptatem rerum quia. Et cumque ratione vel dolor ad fugit. Minima animi unde id dolores voluptatem quo.', '3', '2018-07-04 20:27:17', '2018-07-04 20:27:17');
INSERT INTO `reviews` VALUES ('299', '19', 'Miss Madeline Nolan MD', 'Magni saepe dignissimos ea quia illum et perspiciatis. Assumenda deleniti et recusandae eveniet ut.', '3', '2018-07-04 20:27:17', '2018-07-04 20:27:17');
INSERT INTO `reviews` VALUES ('300', '18', 'Eliza Boehm', 'Voluptas sint est molestiae commodi ea dolores tenetur. Aut consequatur autem quae. Et sequi est neque est.', '4', '2018-07-04 20:27:17', '2018-07-04 20:27:17');

-- ----------------------------
-- Table structure for users
-- ----------------------------
DROP TABLE IF EXISTS `users`;
CREATE TABLE `users` (
  `id` int(10) unsigned NOT NULL AUTO_INCREMENT,
  `name` varchar(191) COLLATE utf8mb4_unicode_ci NOT NULL,
  `email` varchar(191) COLLATE utf8mb4_unicode_ci NOT NULL,
  `password` varchar(191) COLLATE utf8mb4_unicode_ci NOT NULL,
  `remember_token` varchar(100) COLLATE utf8mb4_unicode_ci DEFAULT NULL,
  `created_at` timestamp NULL DEFAULT NULL,
  `updated_at` timestamp NULL DEFAULT NULL,
  PRIMARY KEY (`id`),
  UNIQUE KEY `users_email_unique` (`email`)
) ENGINE=InnoDB DEFAULT CHARSET=utf8mb4 COLLATE=utf8mb4_unicode_ci;

-- ----------------------------
-- Records of users
-- ----------------------------
